Brand,Model,Total,Percentage,model_risk
a linc,nilfsk,1,0.0035725768997177665,1e-06
ajp,pr7,1,0.0035725768997177665,1e-06
alfa r,giulia,3,0.0107177306991533,0.001856283858998145
alfa r,junior,8,0.028580615197742132,0.006494493506493507
alfa r,stelvi,5,0.017862884498588832,0.0037115677179962903
alfa r,tonale,1,0.0035725768997177665,1e-06
aprili,660,1,0.0035725768997177665,1e-06
aston,db12,1,0.0035725768997177665,1e-06
aston,vantag,1,0.0035725768997177665,1e-06
audi,a1,5,0.017862884498588832,0.0037115677179962903
audi,a3,26,0.09288699939266193,0.023192048237476812
audi,a5,10,0.035725768997177665,0.008349777365491652
audi,q2,11,0.03929834589689543,0.009277419294990723
audi,q3,88,0.31438676717516345,0.08070584786641931
audi,q4,8,0.028580615197742132,0.006494493506493507
audi,q4 e-t,1,0.0035725768997177665,1e-06
audi,q4 etr,17,0.06073380729520203,0.01484327087198516
audi,q5,7,0.02500803829802437,0.005566851576994436
audi,q6,9,0.0321531920974599,0.00742213543599258
audi,q6 etr,2,0.007145153799435533,0.0009286419294990726
audi,q7,27,0.0964595762923797,0.024119690166975887
audi,q8,4,0.014290307598871066,0.0027839257884972176
audi,rs 6,1,0.0035725768997177665,1e-06
audi,rs3,37,0.13218534528955736,0.03339610946196661
audi,rs6,3,0.0107177306991533,0.001856283858998145
audi,rsq8,4,0.014290307598871066,0.0027839257884972176
audi,s3,22,0.07859669179379086,0.019481480519480524
audi,s5,12,0.0428709227966132,0.010205061224489796
audi,s5 ava,1,0.0035725768997177665,1e-06
audi,sq2,1,0.0035725768997177665,1e-06
audi,sq5,9,0.0321531920974599,0.00742213543599258
audi,sq6 et,1,0.0035725768997177665,1e-06
audi,sq7,3,0.0107177306991533,0.001856283858998145
audi,sq8,2,0.007145153799435533,0.0009286419294990726
b m w,1 seri,2,0.007145153799435533,0.0009286419294990726
b m w,118,15,0.05358865349576649,0.012987987012987012
b m w,118i,4,0.014290307598871066,0.0027839257884972176
b m w,120,13,0.046443499696330964,0.01113270315398887
b m w,120i,1,0.0035725768997177665,1e-06
b m w,218,13,0.046443499696330964,0.01113270315398887
b m w,218 gc,2,0.007145153799435533,0.0009286419294990726
b m w,218 gr,1,0.0035725768997177665,1e-06
b m w,218i,6,0.0214354613983066,0.004639209647495362
b m w,220,7,0.02500803829802437,0.005566851576994436
b m w,220 gr,1,0.0035725768997177665,1e-06
b m w,220i,1,0.0035725768997177665,1e-06
b m w,230i,7,0.02500803829802437,0.005566851576994436
b m w,330,1,0.0035725768997177665,1e-06
b m w,330i,28,0.10003215319209748,0.025047332096474962
b m w,330i t,1,0.0035725768997177665,1e-06
b m w,420i,2,0.007145153799435533,0.0009286419294990726
b m w,420i c,1,0.0035725768997177665,1e-06
b m w,430i,1,0.0035725768997177665,1e-06
b m w,540d,6,0.0214354613983066,0.004639209647495362
b m w,740i,2,0.007145153799435533,0.0009286419294990726
b m w,840i,1,0.0035725768997177665,1e-06
b m w,alpina,1,0.0035725768997177665,1e-06
b m w,c400gt,4,0.014290307598871066,0.0027839257884972176
b m w,c400x,2,0.007145153799435533,0.0009286419294990726
b m w,f 900,2,0.007145153799435533,0.0009286419294990726
b m w,f800gs,2,0.007145153799435533,0.0009286419294990726
b m w,f900 g,4,0.014290307598871066,0.0027839257884972176
b m w,f900 x,2,0.007145153799435533,0.0009286419294990726
b m w,f900gs,5,0.017862884498588832,0.0037115677179962903
b m w,f900r,1,0.0035725768997177665,1e-06
b m w,f900xr,1,0.0035725768997177665,1e-06
b m w,g310gs,8,0.028580615197742132,0.006494493506493507
b m w,g310r,4,0.014290307598871066,0.0027839257884972176
b m w,i4,8,0.028580615197742132,0.006494493506493507
b m w,i4 35,4,0.014290307598871066,0.0027839257884972176
b m w,i4 e35,3,0.0107177306991533,0.001856283858998145
b m w,i4 edr,4,0.014290307598871066,0.0027839257884972176
b m w,i4 m50,1,0.0035725768997177665,1e-06
b m w,i5,3,0.0107177306991533,0.001856283858998145
b m w,i5 m60,5,0.017862884498588832,0.0037115677179962903
b m w,i7 60,1,0.0035725768997177665,1e-06
b m w,ix,21,0.0750241148940731,0.01855383858998145
b m w,ix 2,1,0.0035725768997177665,1e-06
b m w,ix 45,2,0.007145153799435533,0.0009286419294990726
b m w,ix 50,9,0.0321531920974599,0.00742213543599258
b m w,ix e45,2,0.007145153799435533,0.0009286419294990726
b m w,ix m60,2,0.007145153799435533,0.0009286419294990726
b m w,ix x50,18,0.0643063841949198,0.01577091280148423
b m w,ix xdr,2,0.007145153799435533,0.0009286419294990726
b m w,ix1,13,0.046443499696330964,0.01113270315398887
b m w,ix1 20,3,0.0107177306991533,0.001856283858998145
b m w,ix1 30,11,0.03929834589689543,0.009277419294990723
b m w,ix1 ed,29,0.10360473009181521,0.025974974025974026
b m w,ix1 xd,5,0.017862884498588832,0.0037115677179962903
b m w,ix2,10,0.035725768997177665,0.008349777365491652
b m w,ix2 30,5,0.017862884498588832,0.0037115677179962903
b m w,ix2 ed,8,0.028580615197742132,0.006494493506493507
b m w,ix2 xd,4,0.014290307598871066,0.0027839257884972176
b m w,ix3,1,0.0035725768997177665,1e-06
b m w,ix3 m,4,0.014290307598871066,0.0027839257884972176
b m w,k 1600,1,0.0035725768997177665,1e-06
b m w,m 1000,2,0.007145153799435533,0.0009286419294990726
b m w,m1000,3,0.0107177306991533,0.001856283858998145
b m w,m1000r,1,0.0035725768997177665,1e-06
b m w,m135,4,0.014290307598871066,0.0027839257884972176
b m w,m135 x,3,0.0107177306991533,0.001856283858998145
b m w,m135i,2,0.007145153799435533,0.0009286419294990726
b m w,m2,11,0.03929834589689543,0.009277419294990723
b m w,m2 cou,1,0.0035725768997177665,1e-06
b m w,m235,4,0.014290307598871066,0.0027839257884972176
b m w,m235 x,3,0.0107177306991533,0.001856283858998145
b m w,m235i,2,0.007145153799435533,0.0009286419294990726
b m w,m240i,2,0.007145153799435533,0.0009286419294990726
b m w,m3,12,0.0428709227966132,0.010205061224489796
b m w,m3 com,9,0.0321531920974599,0.00742213543599258
b m w,m340i,14,0.05001607659604874,0.012060345083487944
b m w,m4,10,0.035725768997177665,0.008349777365491652
b m w,m4 com,4,0.014290307598871066,0.0027839257884972176
b m w,m440i,1,0.0035725768997177665,1e-06
b m w,m5,4,0.014290307598871066,0.0027839257884972176
b m w,m5 tou,1,0.0035725768997177665,1e-06
b m w,r 12 g,2,0.007145153799435533,0.0009286419294990726
b m w,r 1300,6,0.0214354613983066,0.004639209647495362
b m w,r12,1,0.0035725768997177665,1e-06
b m w,r12 gs,6,0.0214354613983066,0.004639209647495362
b m w,r12 ni,1,0.0035725768997177665,1e-06
b m w,r12 s,1,0.0035725768997177665,1e-06
b m w,r1300,16,0.057161230395484264,0.013915628942486087
b m w,r1300g,5,0.017862884498588832,0.0037115677179962903
b m w,r18,2,0.007145153799435533,0.0009286419294990726
b m w,r18 cl,1,0.0035725768997177665,1e-06
b m w,r18 ro,1,0.0035725768997177665,1e-06
b m w,s 1000,6,0.0214354613983066,0.004639209647495362
b m w,s1000,1,0.0035725768997177665,1e-06
b m w,s1000r,7,0.02500803829802437,0.005566851576994436
b m w,s1000x,1,0.0035725768997177665,1e-06
b m w,x1,41,0.14647565288842843,0.037106677179962896
b m w,x1 18i,25,0.08931442249294416,0.02226440630797774
b m w,x1 20i,50,0.17862884498588832,0.045455454545454556
b m w,x1 m35,14,0.05001607659604874,0.012060345083487944
b m w,x1 sdr,4,0.014290307598871066,0.0027839257884972176
b m w,x1 xdr,7,0.02500803829802437,0.005566851576994436
b m w,x2,11,0.03929834589689543,0.009277419294990723
b m w,x2 20i,9,0.0321531920974599,0.00742213543599258
b m w,x2 m35,7,0.02500803829802437,0.005566851576994436
b m w,x2 xdr,2,0.007145153799435533,0.0009286419294990726
b m w,x3,71,0.2536529598799614,0.06493593506493506
b m w,x3 20,90,0.321531920974599,0.08256113172541747
b m w,x3 30e,42,0.1500482297881462,0.03803431910946197
b m w,x3 m50,12,0.0428709227966132,0.010205061224489796
b m w,x4,6,0.0214354613983066,0.004639209647495362
b m w,x4 20i,1,0.0035725768997177665,1e-06
b m w,x4 30i,7,0.02500803829802437,0.005566851576994436
b m w,x4 xdr,2,0.007145153799435533,0.0009286419294990726
b m w,x5,27,0.0964595762923797,0.024119690166975887
b m w,x5 30d,55,0.19649172948447716,0.050093664192949916
b m w,x5 40i,6,0.0214354613983066,0.004639209647495362
b m w,x5 50e,7,0.02500803829802437,0.005566851576994436
b m w,x5 m,3,0.0107177306991533,0.001856283858998145
b m w,x5 m60,6,0.0214354613983066,0.004639209647495362
b m w,x5 xdr,10,0.035725768997177665,0.008349777365491652
b m w,x6,3,0.0107177306991533,0.001856283858998145
b m w,x6 30d,4,0.014290307598871066,0.0027839257884972176
b m w,x6 40i,4,0.014290307598871066,0.0027839257884972176
b m w,x6 m,1,0.0035725768997177665,1e-06
b m w,x6 m c,1,0.0035725768997177665,1e-06
b m w,x6 m60,2,0.007145153799435533,0.0009286419294990726
b m w,x7,13,0.046443499696330964,0.01113270315398887
b m w,x7 40d,14,0.05001607659604874,0.012060345083487944
b m w,x7 40i,5,0.017862884498588832,0.0037115677179962903
b m w,x7 m60,2,0.007145153799435533,0.0009286419294990726
b m w,x7 xdr,3,0.0107177306991533,0.001856283858998145
b m w,xm,3,0.0107177306991533,0.001856283858998145
b y d,atto 3,26,0.09288699939266193,0.023192048237476812
b y d,atto3,53,0.1893465756850416,0.048238380333951766
b y d,dolphi,65,0.23221749848165485,0.05937008348794065
b y d,seal,45,0.1607659604872995,0.04081724489795919
b y d,seal 7,1,0.0035725768997177665,1e-06
b y d,sealio,917,3.2760530170411917,0.8497210074211504
b y d,shark,132,0.4715801507627452,0.12152209276437849
b y d,shark6,163,0.5823300346539959,0.15027899257884975
benell,leo500,1,0.0035725768997177665,1e-06
bent,bentay,1,0.0035725768997177665,1e-06
bent,contin,1,0.0035725768997177665,1e-06
benzna,duo,1,0.0035725768997177665,1e-06
beta,200rr,1,0.0035725768997177665,1e-06
beta,300rr,1,0.0035725768997177665,1e-06
beta,bma,1,0.0035725768997177665,1e-06
beta,rr300,5,0.017862884498588832,0.0037115677179962903
beta,xt300,2,0.007145153799435533,0.0009286419294990726
beta,xtrain,1,0.0035725768997177665,1e-06
bobcat,e20,1,0.0035725768997177665,1e-06
bobcat,g30nxp,1,0.0035725768997177665,1e-06
bobcat,t86,1,0.0035725768997177665,1e-06
bomag,mf,1,0.0035725768997177665,1e-06
bucher,c202,2,0.007145153799435533,0.0009286419294990726
bustec,drover,1,0.0035725768997177665,1e-06
cad,lyriq,3,0.0107177306991533,0.001856283858998145
can am,defend,5,0.017862884498588832,0.0037115677179962903
carrar,sn5800,1,0.0035725768997177665,1e-06
case,farmal,2,0.007145153799435533,0.0009286419294990726
case,maxxum,1,0.0035725768997177665,1e-06
catplr,239d,1,0.0035725768997177665,1e-06
catplr,255,1,0.0035725768997177665,1e-06
catplr,dp18nt,1,0.0035725768997177665,1e-06
catplr,dp25pt,1,0.0035725768997177665,1e-06
catplr,ep25cb,1,0.0035725768997177665,1e-06
cfmoto,150sc,1,0.0035725768997177665,1e-06
cfmoto,300nk,4,0.014290307598871066,0.0027839257884972176
cfmoto,410pro,1,0.0035725768997177665,1e-06
cfmoto,450clc,7,0.02500803829802437,0.005566851576994436
cfmoto,450mt,31,0.11074988389125076,0.027830257884972176
cfmoto,450nk,2,0.007145153799435533,0.0009286419294990726
cfmoto,450sr,1,0.0035725768997177665,1e-06
cfmoto,450srs,8,0.028580615197742132,0.006494493506493507
cfmoto,520,1,0.0035725768997177665,1e-06
cfmoto,650mt,1,0.0035725768997177665,1e-06
cfmoto,675nk,2,0.007145153799435533,0.0009286419294990726
cfmoto,675sr,1,0.0035725768997177665,1e-06
cfmoto,675srr,4,0.014290307598871066,0.0027839257884972176
cfmoto,675srs,2,0.007145153799435533,0.0009286419294990726
cfmoto,800 mt,3,0.0107177306991533,0.001856283858998145
cfmoto,800mt,6,0.0214354613983066,0.004639209647495362
cfmoto,800mtx,12,0.0428709227966132,0.010205061224489796
cfmoto,cf400f,1,0.0035725768997177665,1e-06
cfmoto,cf700m,1,0.0035725768997177665,1e-06
cfmoto,cforce,4,0.014290307598871066,0.0027839257884972176
cfmoto,clx700,1,0.0035725768997177665,1e-06
cfmoto,gsxr25,1,0.0035725768997177665,1e-06
cfmoto,mt450,1,0.0035725768997177665,1e-06
cfmoto,mttour,1,0.0035725768997177665,1e-06
cfmoto,mtx,1,0.0035725768997177665,1e-06
cfmoto,mtx800,1,0.0035725768997177665,1e-06
cfmoto,mtx80d,1,0.0035725768997177665,1e-06
cfmoto,u10,1,0.0035725768997177665,1e-06
cfmoto,u10 hi,1,0.0035725768997177665,1e-06
cfmoto,u1000,2,0.007145153799435533,0.0009286419294990726
cfmoto,u10pro,2,0.007145153799435533,0.0009286419294990726
cfmoto,u600,6,0.0214354613983066,0.004639209647495362
cfmoto,xo pap,1,0.0035725768997177665,1e-06
chery,c 5 ul,1,0.0035725768997177665,1e-06
chery,c5,90,0.321531920974599,0.08256113172541747
chery,c5 my2,1,0.0035725768997177665,1e-06
chery,c5 ult,14,0.05001607659604874,0.012060345083487944
chery,c5 urb,1,0.0035725768997177665,1e-06
chery,chery,1,0.0035725768997177665,1e-06
chery,e5,10,0.035725768997177665,0.008349777365491652
chery,e5 bev,5,0.017862884498588832,0.0037115677179962903
chery,ev5,1,0.0035725768997177665,1e-06
chery,my24 t,1,0.0035725768997177665,1e-06
chery,my25 c,3,0.0107177306991533,0.001856283858998145
chery,my25 t,1,0.0035725768997177665,1e-06
chery,my26 t,3,0.0107177306991533,0.001856283858998145
chery,omoda,34,0.12146761459040406,0.030613183673469394
chery,t3x,1,0.0035725768997177665,1e-06
chery,tiggo,994,3.5511414383194597,0.9211494359925789
chery,tiggo4,50,0.17862884498588832,0.045455454545454556
chery,tiggo7,24,0.0857418455932264,0.02133676437847867
chery,tiggo8,3,0.0107177306991533,0.001856283858998145
chery,tigoo,1,0.0035725768997177665,1e-06
chev,corvet,6,0.0214354613983066,0.004639209647495362
chev,silver,61,0.21792719088278376,0.05565951576994435
chev,yukon,5,0.017862884498588832,0.0037115677179962903
cupra,ateca,1,0.0035725768997177665,1e-06
cupra,formen,94,0.33582222857347005,0.08627169944341376
cupra,leon v,9,0.0321531920974599,0.00742213543599258
cupra,tavasc,6,0.0214354613983066,0.004639209647495362
cupra,terram,12,0.0428709227966132,0.010205061224489796
d eagl,elite,8,0.028580615197742132,0.006494493506493507
daf,ftt xf,2,0.007145153799435533,0.0009286419294990726
daf,ftt xg,1,0.0035725768997177665,1e-06
daf,xf530,1,0.0035725768997177665,1e-06
deepal,s07,7,0.02500803829802437,0.005566851576994436
deutz,agrofa,1,0.0035725768997177665,1e-06
deutz,agrolx,1,0.0035725768997177665,1e-06
deutz,warior,1,0.0035725768997177665,1e-06
ducati,desert,1,0.0035725768997177665,1e-06
ducati,multi,1,0.0035725768997177665,1e-06
ducati,multis,1,0.0035725768997177665,1e-06
ducati,paniga,3,0.0107177306991533,0.001856283858998145
ducati,street,5,0.017862884498588832,0.0037115677179962903
e car,lta817,1,0.0035725768997177665,1e-06
erider,tc,1,0.0035725768997177665,1e-06
ezgo,rxv,1,0.0035725768997177665,1e-06
f line,cascad,1,0.0035725768997177665,1e-06
farizo,superv,1,0.0035725768997177665,1e-06
fendt,514,1,0.0035725768997177665,1e-06
fendt,516,1,0.0035725768997177665,1e-06
fendt,728gen,1,0.0035725768997177665,1e-06
fendt,930var,1,0.0035725768997177665,1e-06
fendt,936 va,1,0.0035725768997177665,1e-06
fendt,fd722,1,0.0035725768997177665,1e-06
ferrar,12cili,2,0.007145153799435533,0.0009286419294990726
ferrar,purosa,2,0.007145153799435533,0.0009286419294990726
fiat,500,3,0.0107177306991533,0.001856283858998145
fiat,500e,1,0.0035725768997177665,1e-06
fiat,ducato,18,0.0643063841949198,0.01577091280148423
fl toy,hiace,4,0.014290307598871066,0.0027839257884972176
ford,2025,1,0.0035725768997177665,1e-06
ford,everes,699,2.4972312529027185,0.6474950667903525
ford,everst,1,0.0035725768997177665,1e-06
ford,f350,1,0.0035725768997177665,1e-06
ford,mache,3,0.0107177306991533,0.001856283858998145
ford,mustan,162,0.5787574577542782,0.14935135064935068
ford,ranger,1079,3.8548104747954697,0.9999990000000001
ford,raptor,8,0.028580615197742132,0.006494493506493507
ford,tank 3,1,0.0035725768997177665,1e-06
ford,tourne,8,0.028580615197742132,0.006494493506493507
ford,transi,170,0.6073380729520202,0.15677248608534325
foton,t5,7,0.02500803829802437,0.005566851576994436
fuso,1124,1,0.0035725768997177665,1e-06
fuso,be741j,1,0.0035725768997177665,1e-06
fuso,canter,10,0.035725768997177665,0.008349777365491652
fuso,fea21e,2,0.007145153799435533,0.0009286419294990726
fuso,fea61b,3,0.0107177306991533,0.001856283858998145
fuso,feb21e,1,0.0035725768997177665,1e-06
fuso,feb71e,1,0.0035725768997177665,1e-06
fuso,fec71e,1,0.0035725768997177665,1e-06
fuso,fecx1g,1,0.0035725768997177665,1e-06
fuso,fighte,9,0.0321531920974599,0.00742213543599258
fuso,fk62fl,1,0.0035725768997177665,1e-06
fuso,fk65fl,1,0.0035725768997177665,1e-06
fuso,fn63fu,3,0.0107177306991533,0.001856283858998145
fuso,rosa,2,0.007145153799435533,0.0009286419294990726
fuso,shogun,7,0.02500803829802437,0.005566851576994436
g m c,ora,1,0.0035725768997177665,1e-06
g m c,sierra,1,0.0035725768997177665,1e-06
g m c,silver,2,0.007145153799435533,0.0009286419294990726
g m c,yukon,7,0.02500803829802437,0.005566851576994436
g wall,alpha,1,0.0035725768997177665,1e-06
g wall,cannon,243,0.8681361866314172,0.22449034693877554
g wall,h6,3,0.0107177306991533,0.001856283858998145
g wall,h6 gt,1,0.0035725768997177665,1e-06
g wall,h7,4,0.014290307598871066,0.0027839257884972176
g wall,haval,93,0.3322496516737523,0.08534405751391468
g wall,jolion,20,0.07145153799435533,0.017626196660482377
g wall,npw ca,1,0.0035725768997177665,1e-06
g wall,ora,10,0.035725768997177665,0.008349777365491652
g wall,ora 48,1,0.0035725768997177665,1e-06
g wall,ora 63,1,0.0035725768997177665,1e-06
g wall,ora ev,1,0.0035725768997177665,1e-06
g wall,red,1,0.0035725768997177665,1e-06
g wall,tank,49,0.17505626808617056,0.04452781261595548
g wall,tank 3,58,0.20720946018363043,0.05287658998144713
g wall,tank 5,31,0.11074988389125076,0.027830257884972176
g wall,tank h,1,0.0035725768997177665,1e-06
g wall,tank30,2,0.007145153799435533,0.0009286419294990726
g wall,tank50,1,0.0035725768997177665,1e-06
g wall,tk500,1,0.0035725768997177665,1e-06
g wall,ute al,5,0.017862884498588832,0.0037115677179962903
g wall,ute xs,1,0.0035725768997177665,1e-06
gaius,rapid,11,0.03929834589689543,0.009277419294990723
gasgas,ec300,2,0.007145153799435533,0.0009286419294990726
gasgas,ec350f,1,0.0035725768997177665,1e-06
gasgas,ec450f,3,0.0107177306991533,0.001856283858998145
gasgas,ec500f,2,0.007145153799435533,0.0009286419294990726
gasgas,ex450f,1,0.0035725768997177665,1e-06
gasgas,mc250,1,0.0035725768997177665,1e-06
geely,comple,10,0.035725768997177665,0.008349777365491652
geely,ex5,97,0.3465399592726234,0.08905462523191096
geely,ex5 in,9,0.0321531920974599,0.00742213543599258
geely,inspir,45,0.1607659604872995,0.04081724489795919
gensis,gv70,26,0.09288699939266193,0.023192048237476812
grove,gmk,1,0.0035725768997177665,1e-06
gworks,optims,1,0.0035725768997177665,1e-06
h dav,fat bo,1,0.0035725768997177665,1e-06
h dav,flfb,2,0.007145153799435533,0.0009286419294990726
h dav,flhx,2,0.007145153799435533,0.0009286419294990726
h dav,fli,1,0.0035725768997177665,1e-06
h dav,flstf,1,0.0035725768997177665,1e-06
h dav,fltrt,1,0.0035725768997177665,1e-06
h dav,fltrx,1,0.0035725768997177665,1e-06
h dav,fltrxs,2,0.007145153799435533,0.0009286419294990726
h dav,fxbb,2,0.007145153799435533,0.0009286419294990726
h dav,fxbbs,1,0.0035725768997177665,1e-06
h dav,fxbr,6,0.0214354613983066,0.004639209647495362
h dav,fxbr11,1,0.0035725768997177665,1e-06
h dav,fxlrs,3,0.0107177306991533,0.001856283858998145
h dav,fxlrst,1,0.0035725768997177665,1e-06
h dav,rh1250,2,0.007145153799435533,0.0009286419294990726
h dav,x500,2,0.007145153799435533,0.0009286419294990726
hako,sweep,1,0.0035725768997177665,1e-06
hamm,hd12vv,1,0.0035725768997177665,1e-06
hamm,hd14tt,2,0.007145153799435533,0.0009286419294990726
hamm,hd14vv,1,0.0035725768997177665,1e-06
hangch,cpcd,1,0.0035725768997177665,1e-06
hangch,cpcd70,1,0.0035725768997177665,1e-06
haval,cannon,1,0.0035725768997177665,1e-06
haval,h6,175,0.6252009574506091,0.16141069573283862
haval,h6 fac,2,0.007145153799435533,0.0009286419294990726
haval,h6 gt,42,0.1500482297881462,0.03803431910946197
haval,h6 hev,5,0.017862884498588832,0.0037115677179962903
haval,h6 hyb,7,0.02500803829802437,0.005566851576994436
haval,h6 lux,7,0.02500803829802437,0.005566851576994436
haval,h6 phe,1,0.0035725768997177665,1e-06
haval,h6 ult,23,0.08216926869350863,0.020409122448979595
haval,h6 van,15,0.05358865349576649,0.012987987012987012
haval,h6gt p,1,0.0035725768997177665,1e-06
haval,h6gt u,1,0.0035725768997177665,1e-06
haval,jolian,3,0.0107177306991533,0.001856283858998145
haval,jolion,351,1.253974491800936,0.3246756753246754
herrod,mustan,2,0.007145153799435533,0.0009286419294990726
hidrom,,1,0.0035725768997177665,1e-06
hino,300,18,0.0643063841949198,0.01577091280148423
hino,300 16,1,0.0035725768997177665,1e-06
hino,300 61,6,0.0214354613983066,0.004639209647495362
hino,300 72,2,0.007145153799435533,0.0009286419294990726
hino,300 91,1,0.0035725768997177665,1e-06
hino,500,14,0.05001607659604874,0.012060345083487944
hino,500 fc,1,0.0035725768997177665,1e-06
hino,500 fd,1,0.0035725768997177665,1e-06
hino,500 fe,2,0.007145153799435533,0.0009286419294990726
hino,700,1,0.0035725768997177665,1e-06
hino,916 am,1,0.0035725768997177665,1e-06
hino,fc,1,0.0035725768997177665,1e-06
hino,fc500,1,0.0035725768997177665,1e-06
hino,fd 112,1,0.0035725768997177665,1e-06
hino,fd1126,2,0.007145153799435533,0.0009286419294990726
hino,fd500,2,0.007145153799435533,0.0009286419294990726
hino,fe,2,0.007145153799435533,0.0009286419294990726
hino,fe 142,1,0.0035725768997177665,1e-06
hino,fe 500,1,0.0035725768997177665,1e-06
hino,fe500,2,0.007145153799435533,0.0009286419294990726
hino,fg,1,0.0035725768997177665,1e-06
hino,fg 162,1,0.0035725768997177665,1e-06
hino,fg500,1,0.0035725768997177665,1e-06
hino,fl 262,3,0.0107177306991533,0.001856283858998145
hino,fl2628,1,0.0035725768997177665,1e-06
hino,fl500,3,0.0107177306991533,0.001856283858998145
hino,fm 262,1,0.0035725768997177665,1e-06
hino,fm ser,1,0.0035725768997177665,1e-06
hino,fm2632,2,0.007145153799435533,0.0009286419294990726
hino,fm500,2,0.007145153799435533,0.0009286419294990726
hino,fy3036,1,0.0035725768997177665,1e-06
hino,gt,2,0.007145153799435533,0.0009286419294990726
hino,hino 3,1,0.0035725768997177665,1e-06
holand,t6050,1,0.0035725768997177665,1e-06
honda,accord,5,0.017862884498588832,0.0037115677179962903
honda,c65fal,1,0.0035725768997177665,1e-06
honda,cb1000,2,0.007145153799435533,0.0009286419294990726
honda,cb125f,6,0.0214354613983066,0.004639209647495362
honda,cb300r,3,0.0107177306991533,0.001856283858998145
honda,cb350f,1,0.0035725768997177665,1e-06
honda,cb45o,1,0.0035725768997177665,1e-06
honda,cb500,1,0.0035725768997177665,1e-06
honda,cb500f,2,0.007145153799435533,0.0009286419294990726
honda,cb500r,2,0.007145153799435533,0.0009286419294990726
honda,cb500x,5,0.017862884498588832,0.0037115677179962903
honda,cb650r,6,0.0214354613983066,0.004639209647495362
honda,cb750,2,0.007145153799435533,0.0009286419294990726
honda,cbf125,4,0.014290307598871066,0.0027839257884972176
honda,cbf300,6,0.0214354613983066,0.004639209647495362
honda,cbr100,2,0.007145153799435533,0.0009286419294990726
honda,cbr500,2,0.007145153799435533,0.0009286419294990726
honda,cbr50r,2,0.007145153799435533,0.0009286419294990726
honda,cbr5r,1,0.0035725768997177665,1e-06
honda,cbr650,17,0.06073380729520203,0.01484327087198516
honda,cerv h,1,0.0035725768997177665,1e-06
honda,civic,19,0.06787896109463756,0.016698554730983306
honda,cmx500,9,0.0321531920974599,0.00742213543599258
honda,crf110,1,0.0035725768997177665,1e-06
honda,crf250,1,0.0035725768997177665,1e-06
honda,crf300,3,0.0107177306991533,0.001856283858998145
honda,crf450,3,0.0107177306991533,0.001856283858998145
honda,crf45l,2,0.007145153799435533,0.0009286419294990726
honda,crv,107,0.382265728269801,0.09833104452690167
honda,crv eh,1,0.0035725768997177665,1e-06
honda,crv he,11,0.03929834589689543,0.009277419294990723
honda,crv vt,13,0.046443499696330964,0.01113270315398887
honda,gb350,2,0.007145153799435533,0.0009286419294990726
honda,gb350r,1,0.0035725768997177665,1e-06
honda,gl1800,4,0.014290307598871066,0.0027839257884972176
honda,honda,7,0.02500803829802437,0.005566851576994436
honda,hr-v,1,0.0035725768997177665,1e-06
honda,hrv,111,0.3965560358686721,0.102041612244898
honda,hrv eh,5,0.017862884498588832,0.0037115677179962903
honda,hrv he,2,0.007145153799435533,0.0009286419294990726
honda,hrv vi,7,0.02500803829802437,0.005566851576994436
honda,navi,2,0.007145153799435533,0.0009286419294990726
honda,navi 1,1,0.0035725768997177665,1e-06
honda,nsc110,2,0.007145153799435533,0.0009286419294990726
honda,nsr250,1,0.0035725768997177665,1e-06
honda,nss350,2,0.007145153799435533,0.0009286419294990726
honda,nt 110,1,0.0035725768997177665,1e-06
honda,nt1100,1,0.0035725768997177665,1e-06
honda,nva110,7,0.02500803829802437,0.005566851576994436
honda,nx500,1,0.0035725768997177665,1e-06
honda,pcx,1,0.0035725768997177665,1e-06
honda,pcx 12,1,0.0035725768997177665,1e-06
honda,pcx125,16,0.057161230395484264,0.013915628942486087
honda,sxs 10,1,0.0035725768997177665,1e-06
honda,sxs100,2,0.007145153799435533,0.0009286419294990726
honda,sxs700,3,0.0107177306991533,0.001856283858998145
honda,ww125,1,0.0035725768997177665,1e-06
honda,xl750,4,0.014290307598871066,0.0027839257884972176
honda,xl750p,1,0.0035725768997177665,1e-06
honda,zrc,1,0.0035725768997177665,1e-06
honda,zrv,97,0.3465399592726234,0.08905462523191096
honda,zrv he,4,0.014290307598871066,0.0027839257884972176
honda,zrv vt,5,0.017862884498588832,0.0037115677179962903
hsqvrn,fe350,1,0.0035725768997177665,1e-06
hsqvrn,fe501,1,0.0035725768997177665,1e-06
hsqvrn,fx350,1,0.0035725768997177665,1e-06
hsqvrn,te 300,1,0.0035725768997177665,1e-06
hsqvrn,te250,1,0.0035725768997177665,1e-06
hsqvrn,te300,4,0.014290307598871066,0.0027839257884972176
husqva,fe 501,1,0.0035725768997177665,1e-06
hyndai,,1,0.0035725768997177665,1e-06
hyndai,130,1,0.0035725768997177665,1e-06
hyndai,bc3 v2,1,0.0035725768997177665,1e-06
hyndai,ex6,1,0.0035725768997177665,1e-06
hyndai,genesi,1,0.0035725768997177665,1e-06
hyndai,i20,18,0.0643063841949198,0.01577091280148423
hyndai,i20 n,4,0.014290307598871066,0.0027839257884972176
hyndai,i20n,1,0.0035725768997177665,1e-06
hyndai,i30,205,0.732378264442142,0.18923995361781076
hyndai,i30 el,4,0.014290307598871066,0.0027839257884972176
hyndai,i30 he,7,0.02500803829802437,0.005566851576994436
hyndai,i30 mh,2,0.007145153799435533,0.0009286419294990726
hyndai,i30 n,19,0.06787896109463756,0.016698554730983306
hyndai,i30n,2,0.007145153799435533,0.0009286419294990726
hyndai,inster,9,0.0321531920974599,0.00742213543599258
hyndai,ioniq,16,0.057161230395484264,0.013915628942486087
hyndai,ioniq9,1,0.0035725768997177665,1e-06
hyndai,kona,416,1.4861919902825909,0.3849724007421151
hyndai,kona e,1,0.0035725768997177665,1e-06
hyndai,kona h,28,0.10003215319209748,0.025047332096474962
hyndai,kona n,9,0.0321531920974599,0.00742213543599258
hyndai,kona p,20,0.07145153799435533,0.017626196660482377
hyndai,mx 5 s,1,0.0035725768997177665,1e-06
hyndai,mx5 v1,2,0.007145153799435533,0.0009286419294990726
hyndai,nx4 v3,4,0.014290307598871066,0.0027839257884972176
hyndai,palisa,71,0.2536529598799614,0.06493593506493506
hyndai,pde v6,1,0.0035725768997177665,1e-06
hyndai,qx v5,2,0.007145153799435533,0.0009286419294990726
hyndai,sanet,1,0.0035725768997177665,1e-06
hyndai,santa,153,0.5466042656568183,0.141002573283859
hyndai,sante,1,0.0035725768997177665,1e-06
hyndai,sonata,8,0.028580615197742132,0.006494493506493507
hyndai,staria,77,0.27508842127826805,0.0705017866419295
hyndai,sx2 v2,2,0.007145153799435533,0.0009286419294990726
hyndai,tucosn,1,0.0035725768997177665,1e-06
hyndai,tucson,508,1.8148690650566253,0.4703154582560297
hyndai,tuscon,11,0.03929834589689543,0.009277419294990723
hyndai,van,1,0.0035725768997177665,1e-06
hyndai,veneu,1,0.0035725768997177665,1e-06
hyndai,venue,157,0.5608945732556894,0.1447131410018553
im,im6 pr,1,0.0035725768997177665,1e-06
indian,chieft,1,0.0035725768997177665,1e-06
indian,ftr ca,1,0.0035725768997177665,1e-06
indian,pursui,3,0.0107177306991533,0.001856283858998145
indian,scout,6,0.0214354613983066,0.004639209647495362
ineos,grenad,20,0.07145153799435533,0.017626196660482377
ineos,quarte,3,0.0107177306991533,0.001856283858998145
isuzu,d max,63,0.2250723446822193,0.0575147996289425
isuzu,dmax,324,1.1575149155085565,0.29962934322820045
isuzu,dmax 2,1,0.0035725768997177665,1e-06
isuzu,dmax b,1,0.0035725768997177665,1e-06
isuzu,dmax l,9,0.0321531920974599,0.00742213543599258
isuzu,dmax s,14,0.05001607659604874,0.012060345083487944
isuzu,dmax x,6,0.0214354613983066,0.004639209647495362
isuzu,fh fyh,1,0.0035725768997177665,1e-06
isuzu,frd,4,0.014290307598871066,0.0027839257884972176
isuzu,frd 11,1,0.0035725768997177665,1e-06
isuzu,frr,16,0.057161230395484264,0.013915628942486087
isuzu,frr 11,13,0.046443499696330964,0.01113270315398887
isuzu,frr500,1,0.0035725768997177665,1e-06
isuzu,frr600,1,0.0035725768997177665,1e-06
isuzu,fsd,4,0.014290307598871066,0.0027839257884972176
isuzu,fsd 14,2,0.007145153799435533,0.0009286419294990726
isuzu,fsr,6,0.0214354613983066,0.004639209647495362
isuzu,fsr 14,8,0.028580615197742132,0.006494493506493507
isuzu,fsr700,1,0.0035725768997177665,1e-06
isuzu,fsr850,1,0.0035725768997177665,1e-06
isuzu,fvd 16,1,0.0035725768997177665,1e-06
isuzu,fvl,3,0.0107177306991533,0.001856283858998145
isuzu,fvl 24,4,0.014290307598871066,0.0027839257884972176
isuzu,fvl240,1,0.0035725768997177665,1e-06
isuzu,fvr,2,0.007145153799435533,0.0009286419294990726
isuzu,fvy,3,0.0107177306991533,0.001856283858998145
isuzu,fvz 24,2,0.007145153799435533,0.0009286419294990726
isuzu,fxd,1,0.0035725768997177665,1e-06
isuzu,fxy,2,0.007145153799435533,0.0009286419294990726
isuzu,fxy 24,2,0.007145153799435533,0.0009286419294990726
isuzu,fxz,1,0.0035725768997177665,1e-06
isuzu,fxz 24,2,0.007145153799435533,0.0009286419294990726
isuzu,fyh 30,1,0.0035725768997177665,1e-06
isuzu,fyj,5,0.017862884498588832,0.0037115677179962903
isuzu,fyj 30,8,0.028580615197742132,0.006494493506493507
isuzu,isuzu,1,0.0035725768997177665,1e-06
isuzu,mu x,27,0.0964595762923797,0.024119690166975887
isuzu,mu x l,11,0.03929834589689543,0.009277419294990723
isuzu,mu x x,6,0.0214354613983066,0.004639209647495362
isuzu,mux,244,0.871708763531135,0.2254179888682746
isuzu,mux ls,14,0.05001607659604874,0.012060345083487944
isuzu,mux xt,9,0.0321531920974599,0.00742213543599258
isuzu,nlr,13,0.046443499696330964,0.01113270315398887
isuzu,nlr 45,14,0.05001607659604874,0.012060345083487944
isuzu,nls,1,0.0035725768997177665,1e-06
isuzu,nmr,2,0.007145153799435533,0.0009286419294990726
isuzu,nmr 45,2,0.007145153799435533,0.0009286419294990726
isuzu,nnr,10,0.035725768997177665,0.008349777365491652
isuzu,nnr 45,7,0.02500803829802437,0.005566851576994436
isuzu,npr,12,0.0428709227966132,0.010205061224489796
isuzu,npr 45,7,0.02500803829802437,0.005566851576994436
isuzu,npr 55,1,0.0035725768997177665,1e-06
isuzu,npr 65,2,0.007145153799435533,0.0009286419294990726
isuzu,npr 75,5,0.017862884498588832,0.0037115677179962903
isuzu,nps,2,0.007145153799435533,0.0009286419294990726
isuzu,nps 75,1,0.0035725768997177665,1e-06
isuzu,nps300,1,0.0035725768997177665,1e-06
isuzu,nqr,3,0.0107177306991533,0.001856283858998145
iveco,35s da,1,0.0035725768997177665,1e-06
iveco,70c18h,1,0.0035725768997177665,1e-06
iveco,daily,18,0.0643063841949198,0.01577091280148423
iveco,ml160,1,0.0035725768997177665,1e-06
iveco,optimu,1,0.0035725768997177665,1e-06
iveco,strali,4,0.014290307598871066,0.0027839257884972176
iveco,sway,2,0.007145153799435533,0.0009286419294990726
j c b,426ht,1,0.0035725768997177665,1e-06
j c b,434s,1,0.0035725768997177665,1e-06
j c b,525 60,3,0.0107177306991533,0.001856283858998145
j c b,532,9,0.0321531920974599,0.00742213543599258
j c b,532-70,1,0.0035725768997177665,1e-06
j c b,53270,2,0.007145153799435533,0.0009286419294990726
j c b,542-70,1,0.0035725768997177665,1e-06
j c b,54270,1,0.0035725768997177665,1e-06
j c b,56080,1,0.0035725768997177665,1e-06
j c b,6t,3,0.0107177306991533,0.001856283858998145
j c b,8330 f,1,0.0035725768997177665,1e-06
j deer,5050e,1,0.0035725768997177665,1e-06
j deer,6110m,2,0.007145153799435533,0.0009286419294990726
j deer,6125m,1,0.0035725768997177665,1e-06
j deer,6140m,1,0.0035725768997177665,1e-06
j deer,6155m,1,0.0035725768997177665,1e-06
j deer,616r,1,0.0035725768997177665,1e-06
j deer,6195m,1,0.0035725768997177665,1e-06
j deer,6r130,2,0.007145153799435533,0.0009286419294990726
j deer,8r340,1,0.0035725768997177665,1e-06
j deer,s7 700,1,0.0035725768997177665,1e-06
j deer,s780,1,0.0035725768997177665,1e-06
j deer,x91000,2,0.007145153799435533,0.0009286419294990726
j deer,xuv560,1,0.0035725768997177665,1e-06
jac,jac t9,2,0.007145153799435533,0.0009286419294990726
jac,t9,4,0.014290307598871066,0.0027839257884972176
jac,t9 hav,3,0.0107177306991533,0.001856283858998145
jac,t9 oas,2,0.007145153799435533,0.0009286419294990726
jaecoo,j7,65,0.23221749848165485,0.05937008348794065
jaecoo,j7 cor,1,0.0035725768997177665,1e-06
jaecoo,j7 rid,8,0.028580615197742132,0.006494493506493507
jaecoo,j7 sum,21,0.0750241148940731,0.01855383858998145
jaecoo,j7 tra,9,0.0321531920974599,0.00742213543599258
jaecoo,j8,34,0.12146761459040406,0.030613183673469394
jaecoo,j8 rid,11,0.03929834589689543,0.009277419294990723
jaecoo,j8 tra,2,0.007145153799435533,0.0009286419294990726
jaecoo,jaecoo,11,0.03929834589689543,0.009277419294990723
jaecoo,my25 j,2,0.007145153799435533,0.0009286419294990726
jaecoo,omoda,6,0.0214354613983066,0.004639209647495362
jaguar,e pace,1,0.0035725768997177665,1e-06
jaguar,f pace,3,0.0107177306991533,0.001856283858998145
jaguar,f-type,1,0.0035725768997177665,1e-06
jaguar,fpace,1,0.0035725768997177665,1e-06
jeep,avenge,6,0.0214354613983066,0.004639209647495362
jeep,compas,5,0.017862884498588832,0.0037115677179962903
jeep,gladia,10,0.035725768997177665,0.008349777365491652
jeep,grand,19,0.06787896109463756,0.016698554730983306
jeep,renega,1,0.0035725768997177665,1e-06
jeep,rubico,4,0.014290307598871066,0.0027839257884972176
jeep,wran99,1,0.0035725768997177665,1e-06
jeep,wrangl,11,0.03929834589689543,0.009277419294990723
jmc,baodia,1,0.0035725768997177665,1e-06
k t m,1290 s,1,0.0035725768997177665,1e-06
k t m,1390 s,1,0.0035725768997177665,1e-06
k t m,250 ex,2,0.007145153799435533,0.0009286419294990726
k t m,250exc,1,0.0035725768997177665,1e-06
k t m,300 ex,1,0.0035725768997177665,1e-06
k t m,300exc,12,0.0428709227966132,0.010205061224489796
k t m,350 ex,2,0.007145153799435533,0.0009286419294990726
k t m,350exc,3,0.0107177306991533,0.001856283858998145
k t m,35excf,1,0.0035725768997177665,1e-06
k t m,390adv,1,0.0035725768997177665,1e-06
k t m,450 ra,1,0.0035725768997177665,1e-06
k t m,450exc,1,0.0035725768997177665,1e-06
k t m,500exc,3,0.0107177306991533,0.001856283858998145
k t m,690 en,1,0.0035725768997177665,1e-06
k t m,890 ad,3,0.0107177306991533,0.001856283858998145
k t m,890 sm,1,0.0035725768997177665,1e-06
k t m,890adv,2,0.007145153799435533,0.0009286419294990726
k t m,dk390,2,0.007145153799435533,0.0009286419294990726
k t m,super,1,0.0035725768997177665,1e-06
k t m,xc-f,1,0.0035725768997177665,1e-06
kawasa,650l,2,0.007145153799435533,0.0009286419294990726
kawasa,en500,3,0.0107177306991533,0.001856283858998145
kawasa,en650b,2,0.007145153799435533,0.0009286419294990726
kawasa,er5,1,0.0035725768997177665,1e-06
kawasa,er500f,1,0.0035725768997177665,1e-06
kawasa,er65ml,2,0.007145153799435533,0.0009286419294990726
kawasa,ex500g,13,0.046443499696330964,0.01113270315398887
kawasa,ex650k,2,0.007145153799435533,0.0009286419294990726
kawasa,ex650l,1,0.0035725768997177665,1e-06
kawasa,ex650s,2,0.007145153799435533,0.0009286419294990726
kawasa,kaf700,1,0.0035725768997177665,1e-06
kawasa,kdf100,2,0.007145153799435533,0.0009286419294990726
kawasa,kl650e,1,0.0035725768997177665,1e-06
kawasa,klr650,4,0.014290307598871066,0.0027839257884972176
kawasa,klx140,1,0.0035725768997177665,1e-06
kawasa,klx150,1,0.0035725768997177665,1e-06
kawasa,klx230,1,0.0035725768997177665,1e-06
kawasa,klx650,1,0.0035725768997177665,1e-06
kawasa,kr1s,2,0.007145153799435533,0.0009286419294990726
kawasa,ninja,2,0.007145153799435533,0.0009286419294990726
kawasa,ninja1,1,0.0035725768997177665,1e-06
kawasa,ninja5,1,0.0035725768997177665,1e-06
kawasa,ninja6,1,0.0035725768997177665,1e-06
kawasa,versys,1,0.0035725768997177665,1e-06
kawasa,z1000,1,0.0035725768997177665,1e-06
kawasa,z650rs,1,0.0035725768997177665,1e-06
kawasa,z900,1,0.0035725768997177665,1e-06
kawasa,zr900,1,0.0035725768997177665,1e-06
kawasa,zx1100,1,0.0035725768997177665,1e-06
kawasa,zx4r,1,0.0035725768997177665,1e-06
kawasa,zx6r,1,0.0035725768997177665,1e-06
kenwth,k200,2,0.007145153799435533,0.0009286419294990726
kenwth,k220,11,0.03929834589689543,0.009277419294990723
kenwth,t320,1,0.0035725768997177665,1e-06
kenwth,t320a,1,0.0035725768997177665,1e-06
kenwth,t360a,10,0.035725768997177665,0.008349777365491652
kenwth,t410,1,0.0035725768997177665,1e-06
kenwth,t410sa,2,0.007145153799435533,0.0009286419294990726
kenwth,t420sa,3,0.0107177306991533,0.001856283858998145
kenwth,t610sa,5,0.017862884498588832,0.0037115677179962903
kenwth,t659,5,0.017862884498588832,0.0037115677179962903
kenwth,t909,18,0.0643063841949198,0.01577091280148423
kgm,actyon,1,0.0035725768997177665,1e-06
kgm,musso,1,0.0035725768997177665,1e-06
kgm,rexton,4,0.014290307598871066,0.0027839257884972176
kia,2025,1,0.0035725768997177665,1e-06
kia,canriv,2,0.007145153799435533,0.0009286419294990726
kia,carniv,251,0.8967168018291594,0.2319114823747681
kia,carnva,1,0.0035725768997177665,1e-06
kia,cl4m,1,0.0035725768997177665,1e-06
kia,cl4m k,4,0.014290307598871066,0.0027839257884972176
kia,ev3,79,0.2822335750777036,0.07235707050092767
kia,ev3 ai,1,0.0035725768997177665,1e-06
kia,ev3 ea,3,0.0107177306991533,0.001856283858998145
kia,ev3 gt,2,0.007145153799435533,0.0009286419294990726
kia,ev5,108,0.3858383051695188,0.09925868645640076
kia,ev5 ea,2,0.007145153799435533,0.0009286419294990726
kia,ev5 gt,4,0.014290307598871066,0.0027839257884972176
kia,ev6,9,0.0321531920974599,0.00742213543599258
kia,ev6 gt,1,0.0035725768997177665,1e-06
kia,ev9,8,0.028580615197742132,0.006494493506493507
kia,ev9 gt,1,0.0035725768997177665,1e-06
kia,ex5,1,0.0035725768997177665,1e-06
kia,g4lasp,1,0.0035725768997177665,1e-06
kia,k4,92,0.3286770747740345,0.0844164155844156
kia,k4 cl4,1,0.0035725768997177665,1e-06
kia,k4 gt,2,0.007145153799435533,0.0009286419294990726
kia,k4 my2,1,0.0035725768997177665,1e-06
kia,k4 spo,1,0.0035725768997177665,1e-06
kia,ka gt,1,0.0035725768997177665,1e-06
kia,ka4 ca,7,0.02500803829802437,0.005566851576994436
kia,mq4 pe,11,0.03929834589689543,0.009277419294990723
kia,mq4 so,4,0.014290307598871066,0.0027839257884972176
kia,niro,1,0.0035725768997177665,1e-06
kia,ovc ev,1,0.0035725768997177665,1e-06
kia,picant,175,0.6252009574506091,0.16141069573283862
kia,selto,1,0.0035725768997177665,1e-06
kia,seltos,211,0.7538137258404487,0.19480580519480523
kia,sore,1,0.0035725768997177665,1e-06
kia,sorent,189,0.6752170340466579,0.17439768274582562
kia,sorren,1,0.0035725768997177665,1e-06
kia,sporta,431,1.5397806437783572,0.3988870296846011
kia,stonic,137,0.48944303526133404,0.12616030241187384
kia,tasama,1,0.0035725768997177665,1e-06
kia,tasman,147,0.5251688042585116,0.13543672170686458
kia,tiggo,1,0.0035725768997177665,1e-06
kia,tk tas,13,0.046443499696330964,0.01113270315398887
kia,venue,1,0.0035725768997177665,1e-06
kia,xtrail,1,0.0035725768997177665,1e-06
kioti,ck3010,2,0.007145153799435533,0.0009286419294990726
kioti,hx1402,3,0.0107177306991533,0.001856283858998145
kioti,k9,1,0.0035725768997177665,1e-06
kioti,k92400,1,0.0035725768997177665,1e-06
kioti,rx7030,1,0.0035725768997177665,1e-06
kioti,rx8030,1,0.0035725768997177665,1e-06
kobelc,sk250,1,0.0035725768997177665,1e-06
kobelc,sk85ms,1,0.0035725768997177665,1e-06
kramer,407,1,0.0035725768997177665,1e-06
ktm,2t-exc,1,0.0035725768997177665,1e-06
ktm,450exc,1,0.0035725768997177665,1e-06
ktm,sx-f,1,0.0035725768997177665,1e-06
kubota,1100cw,1,0.0035725768997177665,1e-06
kubota,b3150,1,0.0035725768997177665,1e-06
kubota,f3690,1,0.0035725768997177665,1e-06
kubota,hvx25,1,0.0035725768997177665,1e-06
kubota,kx0184,2,0.007145153799435533,0.0009286419294990726
kubota,kx0334,1,0.0035725768997177665,1e-06
kubota,l5740,1,0.0035725768997177665,1e-06
kubota,m108dc,1,0.0035725768997177665,1e-06
kubota,m126gx,1,0.0035725768997177665,1e-06
kubota,m5101,4,0.014290307598871066,0.0027839257884972176
kubota,m5111d,1,0.0035725768997177665,1e-06
kubota,m7-132,1,0.0035725768997177665,1e-06
kubota,m7040,2,0.007145153799435533,0.0009286419294990726
kubota,m7040s,1,0.0035725768997177665,1e-06
kubota,m8540,1,0.0035725768997177665,1e-06
kubota,m9540d,2,0.007145153799435533,0.0009286419294990726
kubota,mx5200,1,0.0035725768997177665,1e-06
kubota,rtv,1,0.0035725768997177665,1e-06
kubota,rtv x9,1,0.0035725768997177665,1e-06
kubota,rtv520,5,0.017862884498588832,0.0037115677179962903
kubota,rtvh52,1,0.0035725768997177665,1e-06
kubota,rtvx11,1,0.0035725768997177665,1e-06
kubota,rtvx90,1,0.0035725768997177665,1e-06
kubota,svl,1,0.0035725768997177665,1e-06
kubota,svl652,1,0.0035725768997177665,1e-06
kubota,u253,1,0.0035725768997177665,1e-06
kubota,u253hg,2,0.007145153799435533,0.0009286419294990726
kubota,x900,3,0.0107177306991533,0.001856283858998145
kymco,agilit,1,0.0035725768997177665,1e-06
kymco,like 1,1,0.0035725768997177665,1e-06
kymco,micare,1,0.0035725768997177665,1e-06
kymco,ski150,1,0.0035725768997177665,1e-06
l rov,defend,135,0.48229788146189845,0.1243050185528757
l rov,defene,1,0.0035725768997177665,1e-06
l rov,discov,22,0.07859669179379086,0.019481480519480524
l rov,evoque,5,0.017862884498588832,0.0037115677179962903
l rov,rang r,1,0.0035725768997177665,1e-06
l rov,rang13,1,0.0035725768997177665,1e-06
l rov,range,69,0.24650780608052586,0.06308065120593692
l rov,rr spo,2,0.007145153799435533,0.0009286419294990726
l rov,rr spt,2,0.007145153799435533,0.0009286419294990726
l rov,velar,2,0.007145153799435533,0.0009286419294990726
lamb g,636,1,0.0035725768997177665,1e-06
lamb g,revuel,2,0.007145153799435533,0.0009286419294990726
lamb g,urus p,1,0.0035725768997177665,1e-06
lambr,x300,1,0.0035725768997177665,1e-06
ldv,d90,53,0.1893465756850416,0.048238380333951766
ldv,d90 2w,1,0.0035725768997177665,1e-06
ldv,d90 4w,2,0.007145153799435533,0.0009286419294990726
ldv,d90 di,1,0.0035725768997177665,1e-06
ldv,d90 ex,2,0.007145153799435533,0.0009286419294990726
ldv,d90 my,5,0.017862884498588832,0.0037115677179962903
ldv,d90 pe,1,0.0035725768997177665,1e-06
ldv,del 7,3,0.0107177306991533,0.001856283858998145
ldv,del 9,2,0.007145153799435533,0.0009286419294990726
ldv,delive,70,0.25008038298024365,0.064008293135436
ldv,dl7 lw,1,0.0035725768997177665,1e-06
ldv,dl9 lw,4,0.014290307598871066,0.0027839257884972176
ldv,dl9 mw,1,0.0035725768997177665,1e-06
ldv,g10,28,0.10003215319209748,0.025047332096474962
ldv,g10 pl,2,0.007145153799435533,0.0009286419294990726
ldv,g10 va,2,0.007145153799435533,0.0009286419294990726
ldv,mifa,5,0.017862884498588832,0.0037115677179962903
ldv,t60,54,0.1929191525847594,0.04916602226345084
ldv,t60 ma,10,0.035725768997177665,0.008349777365491652
ldv,terron,27,0.0964595762923797,0.024119690166975887
ldv,van di,1,0.0035725768997177665,1e-06
leapm,b10,4,0.014290307598871066,0.0027839257884972176
leapm,c10,1,0.0035725768997177665,1e-06
leapm,c10 be,1,0.0035725768997177665,1e-06
leapm,c10 de,8,0.028580615197742132,0.006494493506493507
leapm,c10 st,3,0.0107177306991533,0.001856283858998145
leapm,c10awd,1,0.0035725768997177665,1e-06
lexus,es,1,0.0035725768997177665,1e-06
lexus,es300h,36,0.1286127683898396,0.032468467532467536
lexus,gx,1,0.0035725768997177665,1e-06
lexus,gx550,25,0.08931442249294416,0.02226440630797774
lexus,lbx,23,0.08216926869350863,0.020409122448979595
lexus,lbx 2w,1,0.0035725768997177665,1e-06
lexus,lbx lu,1,0.0035725768997177665,1e-06
lexus,lbx mo,2,0.007145153799435533,0.0009286419294990726
lexus,lc500,1,0.0035725768997177665,1e-06
lexus,lm350h,5,0.017862884498588832,0.0037115677179962903
lexus,lx500d,13,0.046443499696330964,0.01113270315398887
lexus,lx600,6,0.0214354613983066,0.004639209647495362
lexus,nx250,16,0.057161230395484264,0.013915628942486087
lexus,nx350,9,0.0321531920974599,0.00742213543599258
lexus,nx350h,100,0.35725768997177665,0.09183755102040818
lexus,nx450,1,0.0035725768997177665,1e-06
lexus,nx450h,14,0.05001607659604874,0.012060345083487944
lexus,nz450h,1,0.0035725768997177665,1e-06
lexus,rx350,4,0.014290307598871066,0.0027839257884972176
lexus,rx350h,12,0.0428709227966132,0.010205061224489796
lexus,rx450h,15,0.05358865349576649,0.012987987012987012
lexus,rx500h,5,0.017862884498588832,0.0037115677179962903
lexus,ux300h,37,0.13218534528955736,0.03339610946196661
liftsm,lsrt35,2,0.007145153799435533,0.0009286419294990726
m a n,tgm183,1,0.0035725768997177665,1e-06
m a n,tgs 54,1,0.0035725768997177665,1e-06
m g,3 esse,3,0.0107177306991533,0.001856283858998145
m g,3 exci,1,0.0035725768997177665,1e-06
m g,4,1,0.0035725768997177665,1e-06
m g,essenc,13,0.046443499696330964,0.01113270315398887
m g,ev ess,1,0.0035725768997177665,1e-06
m g,excite,3,0.0107177306991533,0.001856283858998145
m g,hs,16,0.057161230395484264,0.013915628942486087
m g,hs ess,13,0.046443499696330964,0.01113270315398887
m g,hs exc,2,0.007145153799435533,0.0009286419294990726
m g,im5,3,0.0107177306991533,0.001856283858998145
m g,im5 pe,1,0.0035725768997177665,1e-06
m g,im6,8,0.028580615197742132,0.006494493506493507
m g,im6 ev,2,0.007145153799435533,0.0009286419294990726
m g,mg,1,0.0035725768997177665,1e-06
m g,mg im6,1,0.0035725768997177665,1e-06
m g,mg ng,6,0.0214354613983066,0.004639209647495362
m g,mg s5,3,0.0107177306991533,0.001856283858998145
m g,mg zs,2,0.007145153799435533,0.0009286419294990726
m g,mg zst,1,0.0035725768997177665,1e-06
m g,mg3,38,0.13575792218927513,0.03432375139146568
m g,mg3 co,1,0.0035725768997177665,1e-06
m g,mg3 cv,2,0.007145153799435533,0.0009286419294990726
m g,mg3 es,13,0.046443499696330964,0.01113270315398887
m g,mg3 ex,14,0.05001607659604874,0.012060345083487944
m g,mg3 he,7,0.02500803829802437,0.005566851576994436
m g,mg3 vi,5,0.017862884498588832,0.0037115677179962903
m g,mg4,13,0.046443499696330964,0.01113270315398887
m g,mg4 64,2,0.007145153799435533,0.0009286419294990726
m g,mg4 es,11,0.03929834589689543,0.009277419294990723
m g,mg4 ex,7,0.02500803829802437,0.005566851576994436
m g,mg4 xp,1,0.0035725768997177665,1e-06
m g,mg5,17,0.06073380729520203,0.01484327087198516
m g,mg5 dc,2,0.007145153799435533,0.0009286419294990726
m g,mg5 es,4,0.014290307598871066,0.0027839257884972176
m g,mg5 my,1,0.0035725768997177665,1e-06
m g,mg5 vi,1,0.0035725768997177665,1e-06
m g,mgs5 e,2,0.007145153799435533,0.0009286419294990726
m g,mgs5ev,1,0.0035725768997177665,1e-06
m g,mgzst,2,0.007145153799435533,0.0009286419294990726
m g,new zs,1,0.0035725768997177665,1e-06
m g,ng hs,1,0.0035725768997177665,1e-06
m g,ng zs,3,0.0107177306991533,0.001856283858998145
m g,qs,15,0.05358865349576649,0.012987987012987012
m g,qs 4wd,1,0.0035725768997177665,1e-06
m g,qs at,6,0.0214354613983066,0.004639209647495362
m g,qs ess,11,0.03929834589689543,0.009277419294990723
m g,s5,27,0.0964595762923797,0.024119690166975887
m g,s5 ess,20,0.07145153799435533,0.017626196660482377
m g,s5 ev,21,0.0750241148940731,0.01855383858998145
m g,s5 exc,2,0.007145153799435533,0.0009286419294990726
m g,vibe,11,0.03929834589689543,0.009277419294990723
m g,zs,93,0.3322496516737523,0.08534405751391468
m g,zs ess,18,0.0643063841949198,0.01577091280148423
m g,zs exc,7,0.02500803829802437,0.005566851576994436
m g,zs hev,33,0.1178950376906863,0.029685541743970322
m g,zs new,35,0.12504019149012183,0.03154082560296846
m g,zs t m,1,0.0035725768997177665,1e-06
m g,zs t v,3,0.0107177306991533,0.001856283858998145
m g,zs tur,5,0.017862884498588832,0.0037115677179962903
m g,zs vib,1,0.0035725768997177665,1e-06
m g,zst,39,0.1393304990889929,0.035251393320964754
m g,zst es,2,0.007145153799435533,0.0009286419294990726
m g,zst vi,56,0.20006430638419495,0.051021306122449
m guzz,v85 tt,1,0.0035725768997177665,1e-06
macdon,m2260,1,0.0035725768997177665,1e-06
mack,anthem,5,0.017862884498588832,0.0037115677179962903
mack,metrol,3,0.0107177306991533,0.001856283858998145
mack,superl,2,0.007145153799435533,0.0009286419294990726
mack,triden,4,0.014290307598871066,0.0027839257884972176
magni,rth8.2,1,0.0035725768997177665,1e-06
magni,th3.5,1,0.0035725768997177665,1e-06
mahind,3650,1,0.0035725768997177665,1e-06
mahind,3xo,11,0.03929834589689543,0.009277419294990723
mahind,scorpi,10,0.035725768997177665,0.008349777365491652
mahind,xuv 3x,2,0.007145153799435533,0.0009286419294990726
mahind,xuv3x0,1,0.0035725768997177665,1e-06
mahind,xuv3xo,63,0.2250723446822193,0.0575147996289425
mahind,xuv700,63,0.2250723446822193,0.0575147996289425
mahind,xuv7oo,2,0.007145153799435533,0.0009286419294990726
manito,m50-4,1,0.0035725768997177665,1e-06
manito,mcx254,6,0.0214354613983066,0.004639209647495362
manito,mt930,1,0.0035725768997177665,1e-06
maser,grecal,3,0.0107177306991533,0.001856283858998145
mass f,2615,2,0.007145153799435533,0.0009286419294990726
mass f,4707,1,0.0035725768997177665,1e-06
mass f,5s115,1,0.0035725768997177665,1e-06
mass f,6712,1,0.0035725768997177665,1e-06
mass f,mf5711,1,0.0035725768997177665,1e-06
mazda,2,20,0.07145153799435533,0.017626196660482377
mazda,3,178,0.6359186881497624,0.16419362152133582
mazda,6,9,0.0321531920974599,0.00742213543599258
mazda,bt 50,8,0.028580615197742132,0.006494493506493507
mazda,bt-50d,1,0.0035725768997177665,1e-06
mazda,bt50,187,0.6680718802472224,0.1725423988868275
mazda,bt50 s,1,0.0035725768997177665,1e-06
mazda,bt50 x,1,0.0035725768997177665,1e-06
mazda,cx 3 a,1,0.0035725768997177665,1e-06
mazda,cx 30,5,0.017862884498588832,0.0037115677179962903
mazda,cx 5,2,0.007145153799435533,0.0009286419294990726
mazda,cx 5 m,1,0.0035725768997177665,1e-06
mazda,cx 60,1,0.0035725768997177665,1e-06
mazda,cx 80,1,0.0035725768997177665,1e-06
mazda,cx-60a,1,0.0035725768997177665,1e-06
mazda,cx3,316,1.1289343003108143,0.29220820779220785
mazda,cx3 ev,1,0.0035725768997177665,1e-06
mazda,cx3 g2,6,0.0214354613983066,0.004639209647495362
mazda,cx3 pu,5,0.017862884498588832,0.0037115677179962903
mazda,cx30,316,1.1289343003108143,0.29220820779220785
mazda,cx30 e,2,0.007145153799435533,0.0009286419294990726
mazda,cx30 g,6,0.0214354613983066,0.004639209647495362
mazda,cx5,502,1.7934336036583187,0.4647496066790353
mazda,cx5 ak,1,0.0035725768997177665,1e-06
mazda,cx5 g2,4,0.014290307598871066,0.0027839257884972176
mazda,cx5 g3,1,0.0035725768997177665,1e-06
mazda,cx5 gt,2,0.007145153799435533,0.0009286419294990726
mazda,cx60,118,0.42156407416669645,0.1085351057513915
mazda,cx60 d,1,0.0035725768997177665,1e-06
mazda,cx70,6,0.0214354613983066,0.004639209647495362
mazda,cx70 a,1,0.0035725768997177665,1e-06
mazda,cx80,100,0.35725768997177665,0.09183755102040818
mazda,cx80 g,1,0.0035725768997177665,1e-06
mazda,cx90,24,0.0857418455932264,0.02133676437847867
mazda,m2,4,0.014290307598871066,0.0027839257884972176
mazda,m3,14,0.05001607659604874,0.012060345083487944
mazda,m6,1,0.0035725768997177665,1e-06
mazda,mazda,4,0.014290307598871066,0.0027839257884972176
mazda,mazda2,7,0.02500803829802437,0.005566851576994436
mazda,mazda3,22,0.07859669179379086,0.019481480519480524
mazda,mx 5 r,1,0.0035725768997177665,1e-06
mazda,mx5,15,0.05358865349576649,0.012987987012987012
mc lrn,750s,1,0.0035725768997177665,1e-06
mccor,x7 616,1,0.0035725768997177665,1e-06
mecal,15mwr,1,0.0035725768997177665,1e-06
merc b,,1,0.0035725768997177665,1e-06
merc b,114 vi,1,0.0035725768997177665,1e-06
merc b,116 vi,1,0.0035725768997177665,1e-06
merc b,317 sp,1,0.0035725768997177665,1e-06
merc b,a 200,1,0.0035725768997177665,1e-06
merc b,a 250,1,0.0035725768997177665,1e-06
merc b,a200,45,0.1607659604872995,0.04081724489795919
merc b,a250,15,0.05358865349576649,0.012987987012987012
merc b,a250 4,1,0.0035725768997177665,1e-06
merc b,a35,10,0.035725768997177665,0.008349777365491652
merc b,a45,1,0.0035725768997177665,1e-06
merc b,a45s a,1,0.0035725768997177665,1e-06
merc b,actros,17,0.06073380729520203,0.01484327087198516
merc b,amg gl,1,0.0035725768997177665,1e-06
merc b,amg gt,1,0.0035725768997177665,1e-06
merc b,c200,21,0.0750241148940731,0.01855383858998145
merc b,c200 s,1,0.0035725768997177665,1e-06
merc b,c300,7,0.02500803829802437,0.005566851576994436
merc b,c350e,2,0.007145153799435533,0.0009286419294990726
merc b,c43,3,0.0107177306991533,0.001856283858998145
merc b,c63,1,0.0035725768997177665,1e-06
merc b,c63 s,1,0.0035725768997177665,1e-06
merc b,cla 20,3,0.0107177306991533,0.001856283858998145
merc b,cla 45,1,0.0035725768997177665,1e-06
merc b,cla200,14,0.05001607659604874,0.012060345083487944
merc b,cla250,4,0.014290307598871066,0.0027839257884972176
merc b,cla45s,2,0.007145153799435533,0.0009286419294990726
merc b,cle 20,1,0.0035725768997177665,1e-06
merc b,cle 30,2,0.007145153799435533,0.0009286419294990726
merc b,cle 53,1,0.0035725768997177665,1e-06
merc b,cle200,10,0.035725768997177665,0.008349777365491652
merc b,cle300,13,0.046443499696330964,0.01113270315398887
merc b,cle53,10,0.035725768997177665,0.008349777365491652
merc b,destin,1,0.0035725768997177665,1e-06
merc b,e200,2,0.007145153799435533,0.0009286419294990726
merc b,e300,4,0.014290307598871066,0.0027839257884972176
merc b,e53,2,0.007145153799435533,0.0009286419294990726
merc b,eqa250,11,0.03929834589689543,0.009277419294990723
merc b,eqb 25,2,0.007145153799435533,0.0009286419294990726
merc b,eqb250,13,0.046443499696330964,0.01113270315398887
merc b,eqe 35,1,0.0035725768997177665,1e-06
merc b,eqe250,2,0.007145153799435533,0.0009286419294990726
merc b,eqe300,6,0.0214354613983066,0.004639209647495362
merc b,eqe350,16,0.057161230395484264,0.013915628942486087
merc b,eqe53,2,0.007145153799435533,0.0009286419294990726
merc b,eqs680,1,0.0035725768997177665,1e-06
merc b,evito,3,0.0107177306991533,0.001856283858998145
merc b,g 63,1,0.0035725768997177665,1e-06
merc b,g580,3,0.0107177306991533,0.001856283858998145
merc b,g63,11,0.03929834589689543,0.009277419294990723
merc b,gla,1,0.0035725768997177665,1e-06
merc b,gla 20,9,0.0321531920974599,0.00742213543599258
merc b,gla 25,7,0.02500803829802437,0.005566851576994436
merc b,gla ca,1,0.0035725768997177665,1e-06
merc b,gla200,64,0.22864492158193706,0.05844244155844157
merc b,gla250,31,0.11074988389125076,0.027830257884972176
merc b,gla35,11,0.03929834589689543,0.009277419294990723
merc b,glb 20,2,0.007145153799435533,0.0009286419294990726
merc b,glb 35,3,0.0107177306991533,0.001856283858998145
merc b,glb200,26,0.09288699939266193,0.023192048237476812
merc b,glb250,5,0.017862884498588832,0.0037115677179962903
merc b,glb35,3,0.0107177306991533,0.001856283858998145
merc b,glc 20,6,0.0214354613983066,0.004639209647495362
merc b,glc 30,17,0.06073380729520203,0.01484327087198516
merc b,glc 43,2,0.007145153799435533,0.0009286419294990726
merc b,glc 63,2,0.007145153799435533,0.0009286419294990726
merc b,glc200,57,0.2036368832839127,0.05194894805194806
merc b,glc300,72,0.2572255367796792,0.06586357699443414
merc b,glc43,22,0.07859669179379086,0.019481480519480524
merc b,glc63,4,0.014290307598871066,0.0027839257884972176
merc b,gle 30,2,0.007145153799435533,0.0009286419294990726
merc b,gle 4,1,0.0035725768997177665,1e-06
merc b,gle 53,4,0.014290307598871066,0.0027839257884972176
merc b,gle300,58,0.20720946018363043,0.05287658998144713
merc b,gle450,15,0.05358865349576649,0.012987987012987012
merc b,gle53,6,0.0214354613983066,0.004639209647495362
merc b,gle63,2,0.007145153799435533,0.0009286419294990726
merc b,gle63s,1,0.0035725768997177665,1e-06
merc b,gls 45,3,0.0107177306991533,0.001856283858998145
merc b,gls 63,1,0.0035725768997177665,1e-06
merc b,gls450,16,0.057161230395484264,0.013915628942486087
merc b,gls600,1,0.0035725768997177665,1e-06
merc b,gt63,2,0.007145153799435533,0.0009286419294990726
merc b,jrv al,1,0.0035725768997177665,1e-06
merc b,s450,1,0.0035725768997177665,1e-06
merc b,s580,1,0.0035725768997177665,1e-06
merc b,s580l,1,0.0035725768997177665,1e-06
merc b,s680,1,0.0035725768997177665,1e-06
merc b,sprint,78,0.2786609981779858,0.07142942857142859
merc b,v250,1,0.0035725768997177665,1e-06
merc b,v300,3,0.0107177306991533,0.001856283858998145
merc b,v300 v,1,0.0035725768997177665,1e-06
merc b,vito,12,0.0428709227966132,0.010205061224489796
merc b,vito 1,6,0.0214354613983066,0.004639209647495362
merc b,vs30,1,0.0035725768997177665,1e-06
merlo,tf38,1,0.0035725768997177665,1e-06
mini,aceman,10,0.035725768997177665,0.008349777365491652
mini,cooper,62,0.22149976778250152,0.056587157699443426
mini,counrt,1,0.0035725768997177665,1e-06
mini,countr,58,0.20720946018363043,0.05287658998144713
mini,jcw co,6,0.0214354613983066,0.004639209647495362
mini,s coun,2,0.007145153799435533,0.0009286419294990726
mini,se cou,2,0.007145153799435533,0.0009286419294990726
mitsub,2025,1,0.0035725768997177665,1e-06
mitsub,asx,156,0.5573219963559716,0.14378549907235624
mitsub,asx es,2,0.007145153799435533,0.0009286419294990726
mitsub,asx gs,1,0.0035725768997177665,1e-06
mitsub,asx ls,5,0.017862884498588832,0.0037115677179962903
mitsub,asx mr,4,0.014290307598871066,0.0027839257884972176
mitsub,dmax,1,0.0035725768997177665,1e-06
mitsub,eclips,88,0.31438676717516345,0.08070584786641931
mitsub,fea21e,2,0.007145153799435533,0.0009286419294990726
mitsub,fea61b,3,0.0107177306991533,0.001856283858998145
mitsub,feb21e,3,0.0107177306991533,0.001856283858998145
mitsub,feb51e,1,0.0035725768997177665,1e-06
mitsub,fec81c,1,0.0035725768997177665,1e-06
mitsub,fg18zn,1,0.0035725768997177665,1e-06
mitsub,fg25nt,1,0.0035725768997177665,1e-06
mitsub,fgb71e,4,0.014290307598871066,0.0027839257884972176
mitsub,fm67fm,1,0.0035725768997177665,1e-06
mitsub,fn63fu,1,0.0035725768997177665,1e-06
mitsub,fuso,1,0.0035725768997177665,1e-06
mitsub,fuso f,1,0.0035725768997177665,1e-06
mitsub,fv74gu,1,0.0035725768997177665,1e-06
mitsub,fv74hj,1,0.0035725768997177665,1e-06
mitsub,mv tri,5,0.017862884498588832,0.0037115677179962903
mitsub,outlan,344,1.2289664535029117,0.31818218181818186
mitsub,pajer,2,0.007145153799435533,0.0009286419294990726
mitsub,pajero,109,0.3894108820692366,0.10018632838589983
mitsub,sporta,1,0.0035725768997177665,1e-06
mitsub,tritio,1,0.0035725768997177665,1e-06
mitsub,triton,288,1.0289021471187167,0.2662342337662338
mitsub,xd asx,1,0.0035725768997177665,1e-06
mitsub,zm out,4,0.014290307598871066,0.0027839257884972176
moffet,m5,1,0.0035725768997177665,1e-06
moffet,m5 25,1,0.0035725768997177665,1e-06
multpc,115h-3,1,0.0035725768997177665,1e-06
mustng,fastba,1,0.0035725768997177665,1e-06
n holl,boomer,1,0.0035725768997177665,1e-06
n holl,t4-75,1,0.0035725768997177665,1e-06
n holl,t5105,1,0.0035725768997177665,1e-06
n holl,t590s,1,0.0035725768997177665,1e-06
n holl,t6070,1,0.0035725768997177665,1e-06
n holl,t8320,1,0.0035725768997177665,1e-06
n holl,ta140,1,0.0035725768997177665,1e-06
n holl,tb145,1,0.0035725768997177665,1e-06
n holl,ts105,1,0.0035725768997177665,1e-06
nissan,ariya,9,0.0321531920974599,0.00742213543599258
nissan,juke,38,0.13575792218927513,0.03432375139146568
nissan,navara,147,0.5251688042585116,0.13543672170686458
nissan,pathfi,35,0.12504019149012183,0.03154082560296846
nissan,patrol,106,0.3786931513700832,0.0974034025974026
nissan,qashqa,119,0.42513665106641424,0.10946274768089058
nissan,t33,1,0.0035725768997177665,1e-06
nissan,x trai,36,0.1286127683898396,0.032468467532467536
nissan,xrail,1,0.0035725768997177665,1e-06
nissan,xtrail,309,1.1039262620127899,0.2857147142857143
nissan,y62 p,1,0.0035725768997177665,1e-06
nissan,z,3,0.0107177306991533,0.001856283858998145
pedder,isuzu,1,0.0035725768997177665,1e-06
peug,2008,7,0.02500803829802437,0.005566851576994436
peug,3008,7,0.02500803829802437,0.005566851576994436
peug,3008 a,2,0.007145153799435533,0.0009286419294990726
peug,3008gt,1,0.0035725768997177665,1e-06
peug,308,1,0.0035725768997177665,1e-06
peug,408,1,0.0035725768997177665,1e-06
peug,5008,4,0.014290307598871066,0.0027839257884972176
peug,5008 a,1,0.0035725768997177665,1e-06
peug,boxer,1,0.0035725768997177665,1e-06
peug,e 308,2,0.007145153799435533,0.0009286419294990726
peug,expert,2,0.007145153799435533,0.0009286419294990726
peug,partne,18,0.0643063841949198,0.01577091280148423
polari,,1,0.0035725768997177665,1e-06
polari,ranger,6,0.0214354613983066,0.004639209647495362
polari,xp1000,2,0.007145153799435533,0.0009286419294990726
polest,2,50,0.17862884498588832,0.045455454545454556
polest,4,33,0.1178950376906863,0.029685541743970322
polest,polest,2,0.007145153799435533,0.0009286419294990726
porsch,718 bo,2,0.007145153799435533,0.0009286419294990726
porsch,718 ca,5,0.017862884498588832,0.0037115677179962903
porsch,911 ca,9,0.0321531920974599,0.00742213543599258
porsch,911 gt,4,0.014290307598871066,0.0027839257884972176
porsch,911 t,1,0.0035725768997177665,1e-06
porsch,911 ta,3,0.0107177306991533,0.001856283858998145
porsch,911car,2,0.007145153799435533,0.0009286419294990726
porsch,cayenn,50,0.17862884498588832,0.045455454545454556
porsch,cayman,1,0.0035725768997177665,1e-06
porsch,macan,51,0.1822014218856061,0.046383096474953624
porsch,macan4,1,0.0035725768997177665,1e-06
porsch,paname,2,0.007145153799435533,0.0009286419294990726
porsch,taycan,2,0.007145153799435533,0.0009286419294990726
r enf,bear,2,0.007145153799435533,0.0009286419294990726
r enf,cgt650,1,0.0035725768997177665,1e-06
r enf,cla350,3,0.0107177306991533,0.001856283858998145
r enf,cnex,1,0.0035725768997177665,1e-06
r enf,contgt,3,0.0107177306991533,0.001856283858998145
r enf,gurila,1,0.0035725768997177665,1e-06
r enf,him450,2,0.007145153799435533,0.0009286419294990726
r enf,met350,1,0.0035725768997177665,1e-06
r enf,met650,1,0.0035725768997177665,1e-06
r enf,scr411,1,0.0035725768997177665,1e-06
r enf,sgn650,3,0.0107177306991533,0.001856283858998145
r enf,sm650,3,0.0107177306991533,0.001856283858998145
r rov,evoque,1,0.0035725768997177665,1e-06
r rov,ranger,1,0.0035725768997177665,1e-06
r rov,sport,2,0.007145153799435533,0.0009286419294990726
r rov,velar,1,0.0035725768997177665,1e-06
ram,1500,10,0.035725768997177665,0.008349777365491652
ram,1500 b,11,0.03929834589689543,0.009277419294990723
ram,1500 l,40,0.14290307598871066,0.03617903525046383
ram,2500,1,0.0035725768997177665,1e-06
ram,2500 l,6,0.0214354613983066,0.004639209647495362
ram,limite,1,0.0035725768997177665,1e-06
ram,trx,1,0.0035725768997177665,1e-06
ren,arkana,9,0.0321531920974599,0.00742213543599258
ren,destin,3,0.0107177306991533,0.001856283858998145
ren,duster,14,0.05001607659604874,0.012060345083487944
ren,jrv,1,0.0035725768997177665,1e-06
ren,kangoo,2,0.007145153799435533,0.0009286419294990726
ren,koleos,50,0.17862884498588832,0.045455454545454556
ren,master,27,0.0964595762923797,0.024119690166975887
ren,megane,5,0.017862884498588832,0.0037115677179962903
ren,traffi,4,0.014290307598871066,0.0027839257884972176
ren,trafic,20,0.07145153799435533,0.017626196660482377
rieju,mr300,1,0.0035725768997177665,1e-06
rolls,cullin,1,0.0035725768997177665,1e-06
royal,hunter,1,0.0035725768997177665,1e-06
royal,met350,1,0.0035725768997177665,1e-06
royen,classi,1,0.0035725768997177665,1e-06
sany,sy50u,1,0.0035725768997177665,1e-06
savic,cserie,3,0.0107177306991533,0.001856283858998145
scania,g 400e,1,0.0035725768997177665,1e-06
scania,g 420,5,0.017862884498588832,0.0037115677179962903
scania,g 460,1,0.0035725768997177665,1e-06
scania,g 500,1,0.0035725768997177665,1e-06
scania,g 560,4,0.014290307598871066,0.0027839257884972176
scania,k320c,6,0.0214354613983066,0.004639209647495362
scania,p 280,2,0.007145153799435533,0.0009286419294990726
scania,p 320,2,0.007145153799435533,0.0009286419294990726
scania,p 420,1,0.0035725768997177665,1e-06
scania,p 460,5,0.017862884498588832,0.0037115677179962903
scania,p460,1,0.0035725768997177665,1e-06
scania,r 660,1,0.0035725768997177665,1e-06
sea,500,1,0.0035725768997177665,1e-06
segway,e300se,1,0.0035725768997177665,1e-06
segway,snarle,2,0.007145153799435533,0.0009286419294990726
segway,ut6 pr,1,0.0035725768997177665,1e-06
sherco,250 2t,1,0.0035725768997177665,1e-06
sherco,300 2t,3,0.0107177306991533,0.001856283858998145
sherco,3002st,6,0.0214354613983066,0.004639209647495362
sino,c7 6x4,2,0.007145153799435533,0.0009286419294990726
sino,sitrak,1,0.0035725768997177665,1e-06
sino,t5g,2,0.007145153799435533,0.0009286419294990726
sino,t5g 8x,2,0.007145153799435533,0.0009286419294990726
sino,zz1317,3,0.0107177306991533,0.001856283858998145
sino,zz4256,1,0.0035725768997177665,1e-06
skoda,enyaq,3,0.0107177306991533,0.001856283858998145
skoda,fabia,9,0.0321531920974599,0.00742213543599258
skoda,kamiq,32,0.11432246079096853,0.02875789981447125
skoda,karoq,11,0.03929834589689543,0.009277419294990723
skoda,kodiaq,49,0.17505626808617056,0.04452781261595548
skoda,octavi,28,0.10003215319209748,0.025047332096474962
skoda,pajero,1,0.0035725768997177665,1e-06
skoda,scala,6,0.0214354613983066,0.004639209647495362
skoda,superb,6,0.0214354613983066,0.004639209647495362
smart,hc bra,1,0.0035725768997177665,1e-06
smart,hc pro,5,0.017862884498588832,0.0037115677179962903
smart,hx pre,2,0.007145153799435533,0.0009286419294990726
smart,hx pro,1,0.0035725768997177665,1e-06
ssangy,korand,2,0.007145153799435533,0.0009286419294990726
ssangy,musso,51,0.1822014218856061,0.046383096474953624
ssangy,mussso,1,0.0035725768997177665,1e-06
ssangy,rexton,24,0.0857418455932264,0.02133676437847867
ssangy,torres,9,0.0321531920974599,0.00742213543599258
stark,ex var,1,0.0035725768997177665,1e-06
stude,forest,1,0.0035725768997177665,1e-06
subaru,brz,7,0.02500803829802437,0.005566851576994436
subaru,crosst,186,0.6644993033475046,0.17161475695732842
subaru,forest,292,1.0431924547175877,0.2699448014842301
subaru,forste,1,0.0035725768997177665,1e-06
subaru,imprez,28,0.10003215319209748,0.025047332096474962
subaru,outbac,126,0.4501446893644386,0.11595624118738407
subaru,wrx,24,0.0857418455932264,0.02133676437847867
subaru,wrx rs,1,0.0035725768997177665,1e-06
summit,k25c45,1,0.0035725768997177665,1e-06
surron,u bee,1,0.0035725768997177665,1e-06
suzuki,dl1050,2,0.007145153799435533,0.0009286419294990726
suzuki,dl250,1,0.0035725768997177665,1e-06
suzuki,dl65au,1,0.0035725768997177665,1e-06
suzuki,dl800,1,0.0035725768997177665,1e-06
suzuki,dr200,2,0.007145153799435533,0.0009286419294990726
suzuki,dr200s,1,0.0035725768997177665,1e-06
suzuki,drz400,2,0.007145153799435533,0.0009286419294990726
suzuki,drz40e,4,0.014290307598871066,0.0027839257884972176
suzuki,ds250,3,0.0107177306991533,0.001856283858998145
suzuki,forest,1,0.0035725768997177665,1e-06
suzuki,fronx,39,0.1393304990889929,0.035251393320964754
suzuki,gsx s1,1,0.0035725768997177665,1e-06
suzuki,gsx800,1,0.0035725768997177665,1e-06
suzuki,gsxr25,1,0.0035725768997177665,1e-06
suzuki,gsxs25,1,0.0035725768997177665,1e-06
suzuki,ignis,18,0.0643063841949198,0.01577091280148423
suzuki,ingis,1,0.0035725768997177665,1e-06
suzuki,jimny,82,0.29295130577685685,0.07513999628942489
suzuki,rgv250,1,0.0035725768997177665,1e-06
suzuki,s cros,3,0.0107177306991533,0.001856283858998145
suzuki,scross,2,0.007145153799435533,0.0009286419294990726
suzuki,sv650,1,0.0035725768997177665,1e-06
suzuki,swift,107,0.382265728269801,0.09833104452690167
suzuki,uk110,1,0.0035725768997177665,1e-06
suzuki,vitara,36,0.1286127683898396,0.032468467532467536
sym,musso,1,0.0035725768997177665,1e-06
takech,tb217r,1,0.0035725768997177665,1e-06
teebro,landcr,1,0.0035725768997177665,1e-06
tesla,m3 lr,19,0.06787896109463756,0.016698554730983306
tesla,m3 prf,3,0.0107177306991533,0.001856283858998145
tesla,m3 rwd,85,0.3036690364760101,0.07792292207792209
tesla,my lr,18,0.0643063841949198,0.01577091280148423
tesla,my rwd,126,0.4501446893644386,0.11595624118738407
thefir,jh6,4,0.014290307598871066,0.0027839257884972176
toyota,86,4,0.014290307598871066,0.0027839257884972176
toyota,bz4x,17,0.06073380729520203,0.01484327087198516
toyota,bzx4,1,0.0035725768997177665,1e-06
toyota,c hr,8,0.028580615197742132,0.006494493506493507
toyota,c hr h,1,0.0035725768997177665,1e-06
toyota,c hr k,1,0.0035725768997177665,1e-06
toyota,camry,313,1.118216569611661,0.28942528200371065
toyota,chr,82,0.29295130577685685,0.07513999628942489
toyota,chr gr,4,0.014290307598871066,0.0027839257884972176
toyota,chr gx,3,0.0107177306991533,0.001856283858998145
toyota,chr hy,3,0.0107177306991533,0.001856283858998145
toyota,chr ko,11,0.03929834589689543,0.009277419294990723
toyota,chrh,1,0.0035725768997177665,1e-06
toyota,coaste,19,0.06787896109463756,0.016698554730983306
toyota,commut,5,0.017862884498588832,0.0037115677179962903
toyota,corlla,1,0.0035725768997177665,1e-06
toyota,coroll,630,2.250723446822193,0.5834877736549166
toyota,corrol,5,0.017862884498588832,0.0037115677179962903
toyota,dc sr5,1,0.0035725768997177665,1e-06
toyota,dmax,1,0.0035725768997177665,1e-06
toyota,f33a01,1,0.0035725768997177665,1e-06
toyota,fortun,43,0.15362080668786396,0.038961961038961046
toyota,gr 86,3,0.0107177306991533,0.001856283858998145
toyota,gr cor,2,0.007145153799435533,0.0009286419294990726
toyota,gr yar,11,0.03929834589689543,0.009277419294990723
toyota,gr86,13,0.046443499696330964,0.01113270315398887
toyota,gr86 g,3,0.0107177306991533,0.001856283858998145
toyota,hiace,304,1.086063377514201,0.281076504638219
toyota,hilux,758,2.708013289986067,0.7022259406307979
toyota,kluger,214,0.764531456539602,0.19758873098330243
toyota,koba,1,0.0035725768997177665,1e-06
toyota,land c,2,0.007145153799435533,0.0009286419294990726
toyota,landcr,285,1.0181844164195635,0.2634513079777366
toyota,lc 300,1,0.0035725768997177665,1e-06
toyota,lc 79,2,0.007145153799435533,0.0009286419294990726
toyota,lc mil,28,0.10003215319209748,0.025047332096474962
toyota,lc300,45,0.1607659604872995,0.04081724489795919
toyota,lc70,7,0.02500803829802437,0.005566851576994436
toyota,lc76,1,0.0035725768997177665,1e-06
toyota,lc79,4,0.014290307598871066,0.0027839257884972176
toyota,lc79 d,1,0.0035725768997177665,1e-06
toyota,lc79 g,1,0.0035725768997177665,1e-06
toyota,prado,413,1.4754742595834376,0.3821894749536179
toyota,rab 4,1,0.0035725768997177665,1e-06
toyota,rav,111,0.3965560358686721,0.102041612244898
toyota,rav 4,106,0.3786931513700832,0.0974034025974026
toyota,rav4,667,2.38290879211175,0.6178105250463822
toyota,rav4 c,54,0.1929191525847594,0.04916602226345084
toyota,rav4 e,3,0.0107177306991533,0.001856283858998145
toyota,rav4 g,31,0.11074988389125076,0.027830257884972176
toyota,rav4 h,68,0.24293522918080812,0.06215300927643786
toyota,rav4 x,11,0.03929834589689543,0.009277419294990723
toyota,ravh,12,0.0428709227966132,0.010205061224489796
toyota,rogue,3,0.0107177306991533,0.001856283858998145
toyota,supra,5,0.017862884498588832,0.0037115677179962903
toyota,tundra,25,0.08931442249294416,0.02226440630797774
toyota,yaris,279,0.9967489550212568,0.2578854564007421
trium,bonnev,3,0.0107177306991533,0.001856283858998145
trium,day660,1,0.0035725768997177665,1e-06
trium,hilux,1,0.0035725768997177665,1e-06
trium,rocket,1,0.0035725768997177665,1e-06
trium,scr400,2,0.007145153799435533,0.0009286419294990726
trium,scramb,2,0.007145153799435533,0.0009286419294990726
trium,str tr,1,0.0035725768997177665,1e-06
trium,street,1,0.0035725768997177665,1e-06
trium,tiger,2,0.007145153799435533,0.0009286419294990726
trium,tigers,3,0.0107177306991533,0.001856283858998145
trium,triden,1,0.0035725768997177665,1e-06
trium,tridnt,4,0.014290307598871066,0.0027839257884972176
trium,yaris,1,0.0035725768997177665,1e-06
u d,cg3246,1,0.0035725768997177665,1e-06
u d,cw2536,3,0.0107177306991533,0.001856283858998145
u d,cwb,1,0.0035725768997177665,1e-06
u d,pk,2,0.007145153799435533,0.0009286419294990726
u d,quon,2,0.007145153799435533,0.0009286419294990726
ubco,duty,3,0.0107177306991533,0.001856283858998145
united,t454,1,0.0035725768997177665,1e-06
unspec,vector,1,0.0035725768997177665,1e-06
vespa,gts300,2,0.007145153799435533,0.0009286419294990726
vespa,primav,3,0.0107177306991533,0.001856283858998145
vespa,sprint,1,0.0035725768997177665,1e-06
vogele,20003i,1,0.0035725768997177665,1e-06
volks,amaro,1,0.0035725768997177665,1e-06
volks,amarok,62,0.22149976778250152,0.056587157699443426
volks,caddy,24,0.0857418455932264,0.02133676437847867
volks,crafte,6,0.0214354613983066,0.004639209647495362
volks,golf,66,0.2357900753813726,0.06029772541743972
volks,golf r,5,0.017862884498588832,0.0037115677179962903
volks,id 4,17,0.06073380729520203,0.01484327087198516
volks,id 4 p,3,0.0107177306991533,0.001856283858998145
volks,id 5,3,0.0107177306991533,0.001856283858998145
volks,id 5 g,1,0.0035725768997177665,1e-06
volks,id buz,7,0.02500803829802437,0.005566851576994436
volks,id4,14,0.05001607659604874,0.012060345083487944
volks,id4 pr,2,0.007145153799435533,0.0009286419294990726
volks,id5,3,0.0107177306991533,0.001856283858998145
volks,id5 gt,1,0.0035725768997177665,1e-06
volks,idbuzz,4,0.014290307598871066,0.0027839257884972176
volks,multiv,3,0.0107177306991533,0.001856283858998145
volks,polo,20,0.07145153799435533,0.017626196660482377
volks,polo g,1,0.0035725768997177665,1e-06
volks,polo l,1,0.0035725768997177665,1e-06
volks,t cros,47,0.16791111428673502,0.04267252875695734
volks,t roc,88,0.31438676717516345,0.08070584786641931
volks,tcross,2,0.007145153799435533,0.0009286419294990726
volks,terram,1,0.0035725768997177665,1e-06
volks,tiguan,219,0.7823943410381908,0.2022269406307978
volks,touare,14,0.05001607659604874,0.012060345083487944
volks,toureg,1,0.0035725768997177665,1e-06
volks,transp,1,0.0035725768997177665,1e-06
volks,troc,31,0.11074988389125076,0.027830257884972176
volks,troc s,1,0.0035725768997177665,1e-06
volvo,b8r e6,1,0.0035725768997177665,1e-06
volvo,ex30,26,0.09288699939266193,0.023192048237476812
volvo,ex40,10,0.035725768997177665,0.008349777365491652
volvo,ex90,4,0.014290307598871066,0.0027839257884972176
volvo,fe320,1,0.0035725768997177665,1e-06
volvo,fe350,1,0.0035725768997177665,1e-06
volvo,fe8,1,0.0035725768997177665,1e-06
volvo,fh,5,0.017862884498588832,0.0037115677179962903
volvo,fh 600,1,0.0035725768997177665,1e-06
volvo,fh16,6,0.0214354613983066,0.004639209647495362
volvo,fh540,2,0.007145153799435533,0.0009286419294990726
volvo,fh600,3,0.0107177306991533,0.001856283858998145
volvo,fh780,1,0.0035725768997177665,1e-06
volvo,fm,12,0.0428709227966132,0.010205061224489796
volvo,fm 500,1,0.0035725768997177665,1e-06
volvo,fm11,2,0.007145153799435533,0.0009286419294990726
volvo,fm13,6,0.0214354613983066,0.004639209647495362
volvo,fm410,2,0.007145153799435533,0.0009286419294990726
volvo,fm500,1,0.0035725768997177665,1e-06
volvo,fm540,2,0.007145153799435533,0.0009286419294990726
volvo,v60,4,0.014290307598871066,0.0027839257884972176
volvo,xc40,48,0.1714836911864528,0.043600170686456406
volvo,xc40 p,1,0.0035725768997177665,1e-06
volvo,xc60,45,0.1607659604872995,0.04081724489795919
volvo,xc90,4,0.014290307598871066,0.0027839257884972176
xpeng,g6,11,0.03929834589689543,0.009277419294990723
yamaha,ag200,1,0.0035725768997177665,1e-06
yamaha,ag200f,1,0.0035725768997177665,1e-06
yamaha,czd300,6,0.0214354613983066,0.004639209647495362
yamaha,deligh,1,0.0035725768997177665,1e-06
yamaha,fjr130,1,0.0035725768997177665,1e-06
yamaha,gpd150,1,0.0035725768997177665,1e-06
yamaha,gpd155,5,0.017862884498588832,0.0037115677179962903
yamaha,lts125,2,0.007145153799435533,0.0009286419294990726
yamaha,mt03,5,0.017862884498588832,0.0037115677179962903
yamaha,mt03la,2,0.007145153799435533,0.0009286419294990726
yamaha,mt07,1,0.0035725768997177665,1e-06
yamaha,mt07ho,1,0.0035725768997177665,1e-06
yamaha,mt07la,1,0.0035725768997177665,1e-06
yamaha,mt09,1,0.0035725768997177665,1e-06
yamaha,mt09 s,1,0.0035725768997177665,1e-06
yamaha,mt09a,1,0.0035725768997177665,1e-06
yamaha,mt09aa,1,0.0035725768997177665,1e-06
yamaha,mt09ar,1,0.0035725768997177665,1e-06
yamaha,mt09as,1,0.0035725768997177665,1e-06
yamaha,mt09sp,1,0.0035725768997177665,1e-06
yamaha,mt09tr,1,0.0035725768997177665,1e-06
yamaha,mt10a,1,0.0035725768997177665,1e-06
yamaha,mt10as,1,0.0035725768997177665,1e-06
yamaha,mtm660,1,0.0035725768997177665,1e-06
yamaha,mtm890,4,0.014290307598871066,0.0027839257884972176
yamaha,nmax 1,1,0.0035725768997177665,1e-06
yamaha,seh2,1,0.0035725768997177665,1e-06
yamaha,tenere,1,0.0035725768997177665,1e-06
yamaha,ttr,1,0.0035725768997177665,1e-06
yamaha,ttr110,1,0.0035725768997177665,1e-06
yamaha,tzr250,3,0.0107177306991533,0.001856283858998145
yamaha,viking,1,0.0035725768997177665,1e-06
yamaha,wr250f,7,0.02500803829802437,0.005566851576994436
yamaha,wr450f,7,0.02500803829802437,0.005566851576994436
yamaha,xp560d,2,0.007145153799435533,0.0009286419294990726
yamaha,xtz690,4,0.014290307598871066,0.0027839257884972176
yamaha,yxe100,1,0.0035725768997177665,1e-06
yamaha,yz250,1,0.0035725768997177665,1e-06
yamaha,yz250x,2,0.007145153799435533,0.0009286419294990726
yamaha,yzfr15,1,0.0035725768997177665,1e-06
yamaha,yzfr3a,11,0.03929834589689543,0.009277419294990723
yamaha,yzfr3l,1,0.0035725768997177665,1e-06
yamaha,yzfr7h,1,0.0035725768997177665,1e-06
yamaha,yzfr7l,19,0.06787896109463756,0.016698554730983306
yanmar,sv100,1,0.0035725768997177665,1e-06
yanmar,v1080,1,0.0035725768997177665,1e-06
z lion,2tc400,1,0.0035725768997177665,1e-06
zeekr,009,3,0.0107177306991533,0.001856283858998145
zeekr,x,21,0.0750241148940731,0.01855383858998145
zeekr,x awd,1,0.0035725768997177665,1e-06
zeekr,x rwd,1,0.0035725768997177665,1e-06
zehoo,ae8,1,0.0035725768997177665,1e-06
