LOCALITY,LOCALITY_POSTCODE,NEIGHBOUR_LOCALITY,NEIGHBOUR_POSTCODE,DIST_M
EMERALD,3782.0,CLEMATIS,3782.0,3196.319836111406
EMERALD,3782.0,MENZIES CREEK,3159.0,5153.864998148023
EMERALD,3782.0,DEWHURST,3808.0,6719.411362681475
SILVAN,3795.0,WANDIN EAST,3139.0,3066.018417983957
SILVAN,3795.0,MONBULK,3793.0,6313.775820758267
SILVAN,3795.0,KALORAMA,3766.0,6991.269127227021
FRENCH ISLAND,3921.0,WARNEET,3980.0,18809.455287950397
FRENCH ISLAND,3921.0,SILVERLEAVES,3922.0,19421.0657191151
FRENCH ISLAND,3921.0,BLIND BIGHT,3980.0,20230.085199474528
SANDRINGHAM,3191.0,HAMPTON,3188.0,2078.2897812206133
SANDRINGHAM,3191.0,HAMPTON EAST,3188.0,2828.8832446589067
SANDRINGHAM,3191.0,HIGHETT,3190.0,3091.333775164861
MONBULK,3793.0,THE PATCH,3792.0,3592.386590513691
MONBULK,3793.0,KALLISTA,3791.0,5867.374146987045
MONBULK,3793.0,SILVAN,3795.0,6313.775820758267
GLENROY,3046.0,OAK PARK,3046.0,1996.0817280740262
GLENROY,3046.0,GOWANBRAE,3043.0,2539.968770729421
GLENROY,3046.0,JACANA,3047.0,2573.217389904923
BRIGHTON,3186.0,GARDENVALE,3185.0,2163.7171904103043
BRIGHTON,3186.0,BRIGHTON EAST,3187.0,2570.987847737217
BRIGHTON,3186.0,ELSTERNWICK,3185.0,3235.376121385447
ALBION,3020.0,ARDEER,3022.0,1623.023982656784
ALBION,3020.0,SUNSHINE,3020.0,2995.3782931747955
ALBION,3020.0,SUNSHINE NORTH,3020.0,3022.0776973852485
OAKLEIGH SOUTH,3167.0,CLARINDA,3169.0,2755.354473458769
OAKLEIGH SOUTH,3167.0,BENTLEIGH EAST,3165.0,2785.7723158450567
OAKLEIGH SOUTH,3167.0,HUNTINGDALE,3166.0,3323.8591918544357
HEATHMONT,3135.0,RINGWOOD EAST,3135.0,2357.898932040366
HEATHMONT,3135.0,RINGWOOD,3134.0,3320.01676382135
HEATHMONT,3135.0,BAYSWATER,3153.0,3326.8692996575087
BAYSWATER,3153.0,BORONIA,3155.0,2802.433712461209
BAYSWATER,3153.0,HEATHMONT,3135.0,3326.8692996575087
BAYSWATER,3153.0,BAYSWATER NORTH,3153.0,3532.585652262192
RINGWOOD,3134.0,RINGWOOD EAST,3135.0,2296.931703434087
RINGWOOD,3134.0,RINGWOOD NORTH,3134.0,2606.9740526734945
RINGWOOD,3134.0,MITCHAM,3132.0,3282.4209437609375
WANTIRNA,3152.0,WANTIRNA SOUTH,3152.0,2473.5321760214842
WANTIRNA,3152.0,VERMONT,3133.0,3506.7417580050915
WANTIRNA,3152.0,HEATHMONT,3135.0,4164.034673969617
BAYSWATER NORTH,3153.0,CROYDON SOUTH,3136.0,1487.8767369103934
BAYSWATER NORTH,3153.0,KILSYTH,3137.0,2905.1515578771846
BAYSWATER NORTH,3153.0,KILSYTH SOUTH,3137.0,3008.8894711846533
BLIND BIGHT,3980.0,WARNEET,3980.0,2471.8737379876793
BLIND BIGHT,3980.0,CANNONS CREEK,3977.0,3181.293424180678
BLIND BIGHT,3980.0,TOORADIN,3980.0,6080.679693519437
BEAUMARIS,3193.0,BLACK ROCK,3193.0,2103.322154113336
BEAUMARIS,3193.0,MENTONE,3194.0,2602.4533856377557
BEAUMARIS,3193.0,CHELTENHAM,3192.0,3713.6989014264827
MULGRAVE,3170.0,WHEELERS HILL,3150.0,2799.056592361123
MULGRAVE,3170.0,SPRINGVALE,3171.0,3185.2642517116747
MULGRAVE,3170.0,NOTTING HILL,3168.0,3520.179251695642
WHEELERS HILL,3150.0,MULGRAVE,3170.0,2799.056592361123
WHEELERS HILL,3150.0,GLEN WAVERLEY,3150.0,3815.3511469929604
WHEELERS HILL,3150.0,SCORESBY,3179.0,4249.90018246703
SCORESBY,3179.0,ROWVILLE,3178.0,3419.916920938949
SCORESBY,3179.0,KNOXFIELD,3180.0,4019.7018779269874
SCORESBY,3179.0,WHEELERS HILL,3150.0,4249.90018246703
PRESTON,3072.0,THORNBURY,3071.0,2374.3070352417185
PRESTON,3072.0,HEIDELBERG WEST,3081.0,3737.264663964673
PRESTON,3072.0,BELLFIELD (GREATER MELBOURNE),,3882.916880720275
YALLAMBIE,3085.0,VIEWBANK,3084.0,1955.6994143856537
YALLAMBIE,3085.0,WATSONIA,3087.0,2688.6820618099764
YALLAMBIE,3085.0,MACLEOD,3085.0,2878.7114977226556
IVANHOE,3079.0,ALPHINGTON,3078.0,1900.1955754120902
IVANHOE,3079.0,BELLFIELD (GREATER MELBOURNE),,2157.836140609217
IVANHOE,3079.0,IVANHOE EAST,3079.0,2197.732795505233
KINGLAKE WEST,3757.0,HUMEVALE,3757.0,9786.838748158818
KINGLAKE WEST,3757.0,ARTHURS CREEK,3099.0,13802.448647109617
KINGLAKE WEST,3757.0,ST ANDREWS,3761.0,14589.525276108432
BRUNSWICK WEST,3055.0,BRUNSWICK,3056.0,1914.0948584715986
BRUNSWICK WEST,3055.0,TRAVANCORE,3032.0,2698.6801205197758
BRUNSWICK WEST,3055.0,MOONEE PONDS,3039.0,2710.146087665538
AVONDALE HEIGHTS,3034.0,ESSENDON WEST,3040.0,2500.9760580196585
AVONDALE HEIGHTS,3034.0,MARIBYRNONG,3032.0,2732.5344506803162
AVONDALE HEIGHTS,3034.0,SUNSHINE NORTH,3020.0,2899.440735419652
MOONEE PONDS,3039.0,ASCOT VALE,3032.0,2068.98489269147
MOONEE PONDS,3039.0,ESSENDON,3040.0,2576.163857998964
MOONEE PONDS,3039.0,ABERFELDIE,3040.0,2665.7087248063317
PASCOE VALE,3044.0,STRATHMORE,3041.0,1878.866099717216
PASCOE VALE,3044.0,OAK PARK,3046.0,2020.2473001835665
PASCOE VALE,3044.0,HADFIELD,3046.0,2486.134752578046
BRUNSWICK,3056.0,BRUNSWICK WEST,3055.0,1914.0948584715986
BRUNSWICK,3056.0,BRUNSWICK EAST,3057.0,1920.761396273588
BRUNSWICK,3056.0,PRINCES HILL,3054.0,2228.8515216358687
OAK PARK,3046.0,STRATHMORE,3041.0,1641.8065155743916
OAK PARK,3046.0,GLENROY,3046.0,1996.0817280740262
OAK PARK,3046.0,PASCOE VALE,3044.0,2020.2473001835665
ARDEER,3022.0,ALBION,3020.0,1623.023982656784
ARDEER,3022.0,CAIRNLEA,3023.0,2854.1739963912005
ARDEER,3022.0,SUNSHINE WEST,3020.0,3368.4243613156405
ARDEER,3022.0,SUNSHINE WEST,8438.0,3368.4243613156405
ARDEER,3022.0,SUNSHINE WEST,8511.0,3368.4243613156405
SUNSHINE,3020.0,BRAYBROOK,3019.0,2313.588495028057
SUNSHINE,3020.0,ALBION,3020.0,2995.3782931747955
SUNSHINE,3020.0,TOTTENHAM,3012.0,3043.864249911449
SUNSHINE WEST,3020.0,ARDEER,3022.0,3368.4243613156405
SUNSHINE WEST,8438.0,ARDEER,3022.0,3368.4243613156405
SUNSHINE WEST,8511.0,ARDEER,3022.0,3368.4243613156405
SUNSHINE WEST,3020.0,ALBION,3020.0,3479.910002539235
SUNSHINE WEST,8438.0,ALBION,3020.0,3479.910002539235
SUNSHINE WEST,8511.0,ALBION,3020.0,3479.910002539235
SUNSHINE WEST,3020.0,SUNSHINE,3020.0,3584.307861657906
SUNSHINE WEST,8438.0,SUNSHINE,3020.0,3584.307861657906
SUNSHINE WEST,8511.0,SUNSHINE,3020.0,3584.307861657906
ROWVILLE,3178.0,SCORESBY,3179.0,3419.916920938949
ROWVILLE,3178.0,DANDENONG NORTH,3175.0,4688.198264908003
ROWVILLE,3178.0,LYSTERFIELD SOUTH,3156.0,5098.153417421213
DONCASTER,3108.0,TEMPLESTOWE LOWER,3107.0,2787.687827447817
DONCASTER,3108.0,MONT ALBERT NORTH,3129.0,3043.5336572080782
DONCASTER,3108.0,BOX HILL NORTH,3129.0,3308.153897705491
TEMPLESTOWE LOWER,3107.0,DONCASTER,3108.0,2787.687827447817
TEMPLESTOWE LOWER,3107.0,BULLEEN,3105.0,2899.7707642262885
TEMPLESTOWE LOWER,3107.0,TEMPLESTOWE,3106.0,3531.6665476699673
OFFICER SOUTH,3809.0,CARDINIA,3978.0,5878.8736416335305
OFFICER SOUTH,3809.0,RYTHDALE,3810.0,6686.195965077363
OFFICER SOUTH,3809.0,CLYDE NORTH,3978.0,7163.063133004042
MOOROOLBARK,3138.0,CROYDON NORTH,3136.0,4610.498037460438
MOOROOLBARK,3138.0,CROYDON,3136.0,5009.886039537003
MOOROOLBARK,3138.0,MONTROSE,3765.0,5483.663648446977
MELBOURNE AIRPORT,3045.0,KEILOR,3036.0,4782.156829094399
MELBOURNE AIRPORT,3045.0,KEILOR NORTH,3036.0,4828.087171889124
MELBOURNE AIRPORT,3045.0,KEILOR LODGE,3038.0,5042.58610876026
AINTREE,3336.0,ROCKBANK,3335.0,2704.4262132828626
AINTREE,3336.0,BONNIE BROOK,3335.0,2802.857301712054
AINTREE,3336.0,GRANGEFIELDS,3335.0,4027.5274224215077
BEVERIDGE,3753.0,KALKALLO,3064.0,7284.283676378041
BEVERIDGE,3753.0,DONNYBROOK,3064.0,9173.522173665382
BEVERIDGE,3753.0,EDEN PARK,3757.0,10437.947377417908
YARRAMBAT,3091.0,DIAMOND CREEK,3089.0,3821.2908663332014
YARRAMBAT,3091.0,PLENTY,3090.0,4684.633228347452
YARRAMBAT,3091.0,DOREEN,3754.0,5598.929160699276
DEANSIDE,3336.0,CAROLINE SPRINGS,3023.0,3805.1970488024313
DEANSIDE,3336.0,FRASER RISE,3336.0,4059.0928670726666
DEANSIDE,3336.0,AINTREE,3336.0,4419.58177784509
CAPEL SOUND,3940.0,TOOTGAROOK,3941.0,2947.3614427604202
CAPEL SOUND,3940.0,ROSEBUD,3939.0,4516.658527808905
CAPEL SOUND,3940.0,BONEO,3939.0,6149.6020996406
RYE,3941.0,TOOTGAROOK,3941.0,4492.142397273304
RYE,3941.0,BLAIRGOWRIE,3942.0,4864.053546811853
RYE,3941.0,ST ANDREWS BEACH,3941.0,5090.732543807434
QUANDONG,3030.0,EYNESBURY,3338.0,6870.194927927847
QUANDONG,3030.0,MANOR LAKES,3024.0,9080.115494670928
QUANDONG,3030.0,MAMBOURIN,3024.0,10266.165112915323
LITTLE RIVER,3211.0,MAMBOURIN,3024.0,10273.29296559517
LITTLE RIVER,3211.0,QUANDONG,3030.0,14438.662600609987
LITTLE RIVER,3211.0,POINT WILSON,3212.0,15338.597390020139
GOWANBRAE,3043.0,GLADSTONE PARK,3043.0,1350.0298790118782
GOWANBRAE,3043.0,STRATHMORE HEIGHTS,3041.0,1736.8773950677685
GOWANBRAE,3043.0,TULLAMARINE,3043.0,2089.9871982611385
KEILOR EAST,3033.0,KEILOR PARK,3042.0,2598.128640889957
KEILOR EAST,3033.0,KEALBA,3021.0,3110.461448358026
KEILOR EAST,3033.0,AIRPORT WEST,3042.0,3283.260053964597
DOVETON,3177.0,EUMEMMERRING,3177.0,2197.991490140797
DOVETON,3177.0,ENDEAVOUR HILLS,3802.0,2910.353765846639
DOVETON,3177.0,DANDENONG,3175.0,3014.7425301830517
DOVETON,3177.0,DANDENONG,8785.0,3014.7425301830517
SEDDON,3011.0,FOOTSCRAY,3011.0,883.6769033613637
SEDDON,3011.0,KINGSVILLE,3012.0,1304.4403550584
SEDDON,3011.0,YARRAVILLE,3013.0,1904.958468517754
HADFIELD,3046.0,FAWKNER,3060.0,2383.214933742326
HADFIELD,3046.0,PASCOE VALE,3044.0,2486.134752578046
HADFIELD,3046.0,COBURG NORTH,3058.0,3122.6396306743504
PASCOE VALE SOUTH,3044.0,PASCOE VALE,3044.0,2641.3427188050323
PASCOE VALE SOUTH,3044.0,COBURG,3058.0,2643.0256966070187
PASCOE VALE SOUTH,3044.0,STRATHMORE,3041.0,2882.8658310131723
ESSENDON,3040.0,ESSENDON NORTH,3041.0,1649.5752795965277
ESSENDON,3040.0,ABERFELDIE,3040.0,2011.429573623379
ESSENDON,3040.0,MOONEE PONDS,3039.0,2576.163857998964
LILYDALE,3140.0,MOUNT EVELYN,3796.0,3783.775961444636
LILYDALE,3140.0,MOOROOLBARK,3138.0,5777.6175843282645
LILYDALE,3140.0,WANDIN NORTH,3139.0,6515.333179941428
ESSENDON FIELDS,3041.0,STRATHMORE HEIGHTS,3041.0,1425.2351632903124
ESSENDON FIELDS,3041.0,ESSENDON NORTH,3041.0,2066.917303446261
ESSENDON FIELDS,3041.0,AIRPORT WEST,3042.0,2234.9448154753018
STRATHMORE,3041.0,OAK PARK,3046.0,1641.8065155743916
STRATHMORE,3041.0,PASCOE VALE,3044.0,1878.866099717216
STRATHMORE,3041.0,ESSENDON FIELDS,3041.0,2377.0409005425504
TECOMA,3160.0,BELGRAVE,3160.0,1350.8365994752512
TECOMA,3160.0,UPWEY,3158.0,2058.030225058599
TECOMA,3160.0,BELGRAVE HEIGHTS,3160.0,2684.2888566682873
BEACONSFIELD UPPER,3808.0,GUYS HILL,3807.0,4234.776061240407
BEACONSFIELD UPPER,3808.0,DEWHURST,3808.0,6258.536517744144
BEACONSFIELD UPPER,3808.0,OFFICER,3809.0,7274.628804968979
BELGRAVE,3160.0,TECOMA,3160.0,1350.8365994752512
BELGRAVE,3160.0,BELGRAVE HEIGHTS,3160.0,2269.5133200580362
BELGRAVE,3160.0,SELBY,3159.0,3073.7262953971062
DOREEN,3754.0,NUTFIELD,3099.0,5087.15573778429
DOREEN,3754.0,YARRAMBAT,3091.0,5598.929160699276
DOREEN,3754.0,MERNDA,3754.0,6169.269514802725
MACCLESFIELD,3782.0,MONBULK,3793.0,7128.647721687812
MACCLESFIELD,3782.0,EMERALD,3782.0,8424.438065122215
MACCLESFIELD,3782.0,SILVAN,3795.0,8847.187071206188
KALKALLO,3064.0,DONNYBROOK,3064.0,3610.1865574806166
KALKALLO,3064.0,BEVERIDGE,3753.0,7284.283676378041
KALKALLO,3064.0,MICKLEHAM,3064.0,7440.288009228494
DONNYBROOK,3064.0,KALKALLO,3064.0,3610.1865574806166
DONNYBROOK,3064.0,WOODSTOCK,3751.0,7389.077839557755
DONNYBROOK,3064.0,WOLLERT,3750.0,7581.351384555857
YARRAVILLE,3013.0,KINGSVILLE,3012.0,1503.6492306882647
YARRAVILLE,3013.0,SPOTSWOOD,3015.0,1647.0963749086438
YARRAVILLE,3013.0,SEDDON,3011.0,1904.958468517754
ATTWOOD,3049.0,WESTMEADOWS,3049.0,1409.5986903382166
ATTWOOD,3049.0,GLADSTONE PARK,3043.0,3871.870161108326
ATTWOOD,3049.0,JACANA,3047.0,4278.567544594806
TREMONT,3785.0,FERNY CREEK,3786.0,2003.3432814955158
TREMONT,3785.0,UPPER FERNTREE GULLY,3156.0,2940.649864471458
TREMONT,3785.0,THE BASIN,3154.0,3196.0856693389987
TOOTGAROOK,3941.0,CAPEL SOUND,3940.0,2947.3614427604202
TOOTGAROOK,3941.0,RYE,3941.0,4492.142397273304
TOOTGAROOK,3941.0,FINGAL,3939.0,6020.803406749457
SUNBURY,3429.0,DIGGERS REST,3427.0,9193.921517715486
SUNBURY,3429.0,WILDWOOD,3429.0,9934.719468255198
SUNBURY,3429.0,OAKLANDS JUNCTION,3063.0,13836.084553847735
UPPER FERNTREE GULLY,3156.0,UPWEY,3158.0,1915.6478613126153
UPPER FERNTREE GULLY,3156.0,TREMONT,3785.0,2940.649864471458
UPPER FERNTREE GULLY,3156.0,FERNTREE GULLY,3156.0,3764.10463524111
WARRANWOOD,3134.0,WARRANDYTE SOUTH,3134.0,1882.890888954993
WARRANWOOD,3134.0,CROYDON HILLS,3136.0,2025.0382069874993
WARRANWOOD,3134.0,RINGWOOD NORTH,3134.0,3281.5800839885223
KEILOR PARK,3042.0,KEILOR EAST,3033.0,2598.128640889957
KEILOR PARK,3042.0,KEILOR,3036.0,3047.9568502689476
KEILOR PARK,3042.0,AIRPORT WEST,3042.0,3306.873440505758
CHIRNSIDE PARK,3116.0,WONGA PARK,3115.0,5488.126442600538
CHIRNSIDE PARK,3116.0,CROYDON NORTH,3136.0,5519.736892957512
CHIRNSIDE PARK,3116.0,MOOROOLBARK,3138.0,5634.649700651991
BELLFIELD (GREATER MELBOURNE),,HEIDELBERG WEST,3081.0,1940.4025431387854
BELLFIELD (GREATER MELBOURNE),,IVANHOE,3079.0,2157.836140609217
BELLFIELD (GREATER MELBOURNE),,HEIDELBERG HEIGHTS,3081.0,2163.7854008469794
PAKENHAM,3810.0,OFFICER SOUTH,3809.0,7407.6084291705265
PAKENHAM,3810.0,OFFICER,3809.0,8061.273764054015
PAKENHAM,3810.0,PAKENHAM UPPER,3810.0,9701.095228746735
THE BASIN,3154.0,FERNY CREEK,3786.0,3163.2001507523055
THE BASIN,3154.0,TREMONT,3785.0,3196.0856693389987
THE BASIN,3154.0,BORONIA,3155.0,3266.2887085189604
KALORAMA,3766.0,MOUNT DANDENONG,3767.0,4019.6788071971396
KALORAMA,3766.0,MONTROSE,3765.0,4432.02242619609
KALORAMA,3766.0,MOUNT EVELYN,3796.0,4668.444945291269
UPWEY,3158.0,UPPER FERNTREE GULLY,3156.0,1915.6478613126153
UPWEY,3158.0,TECOMA,3160.0,2058.030225058599
UPWEY,3158.0,BELGRAVE,3160.0,3322.1343723341133
MENZIES CREEK,3159.0,CLEMATIS,3782.0,2219.180342199583
MENZIES CREEK,3159.0,SELBY,3159.0,2870.281299001718
MENZIES CREEK,3159.0,KALLISTA,3791.0,4165.632373368865
ENDEAVOUR HILLS,3802.0,LYSTERFIELD SOUTH,3156.0,2494.575939581665
ENDEAVOUR HILLS,3802.0,DOVETON,3177.0,2910.353765846639
ENDEAVOUR HILLS,3802.0,EUMEMMERRING,3177.0,4128.011428068941
WESTMEADOWS,3049.0,ATTWOOD,3049.0,1409.5986903382166
WESTMEADOWS,3049.0,GLADSTONE PARK,3043.0,2468.0351199376432
WESTMEADOWS,3049.0,JACANA,3047.0,3004.991861580622
CROYDON,3136.0,CROYDON NORTH,3136.0,2563.338849620799
CROYDON,3136.0,CROYDON HILLS,3136.0,2811.1319615590764
CROYDON,3136.0,CROYDON SOUTH,3136.0,3410.3270468876526
CROYDON NORTH,3136.0,CROYDON HILLS,3136.0,1758.559509644079
CROYDON NORTH,3136.0,CROYDON,3136.0,2563.338849620799
CROYDON NORTH,3136.0,WARRANWOOD,3134.0,3769.3989619300796
SEVILLE,3139.0,WANDIN EAST,3139.0,4170.846016316349
SEVILLE,3139.0,SILVAN,3795.0,7011.034739294295
SEVILLE,3139.0,WANDIN NORTH,3139.0,7355.986180147466
MARIBYRNONG,3032.0,MAIDSTONE,3012.0,1746.6649812992925
MARIBYRNONG,3032.0,ABERFELDIE,3040.0,2236.979980788188
MARIBYRNONG,3032.0,ESSENDON WEST,3040.0,2458.7879699905498
FOOTSCRAY,3011.0,SEDDON,3011.0,883.6769033613637
FOOTSCRAY,3011.0,KINGSVILLE,3012.0,1869.0985593448681
FOOTSCRAY,3011.0,WEST FOOTSCRAY,3012.0,2537.9187068822234
MITCHAM,3132.0,NUNAWADING,3131.0,2601.431770434635
MITCHAM,3132.0,VERMONT,3133.0,3187.8120585279835
MITCHAM,3132.0,RINGWOOD,3134.0,3282.4209437609375
VIEWBANK,3084.0,YALLAMBIE,3085.0,1955.6994143856537
VIEWBANK,3084.0,ROSANNA,3084.0,2439.3317968145166
VIEWBANK,3084.0,HEIDELBERG,3084.0,2878.483525659911
LOWER PLENTY,3093.0,MONTMORENCY,3094.0,2584.7964629888793
LOWER PLENTY,3093.0,VIEWBANK,3084.0,3186.484156548976
LOWER PLENTY,3093.0,YALLAMBIE,3085.0,3413.778246599892
ALPHINGTON,3078.0,IVANHOE,3079.0,1900.1955754120902
ALPHINGTON,3078.0,FAIRFIELD,3078.0,2171.517058692208
ALPHINGTON,3078.0,KEW EAST,3102.0,3088.30328536924
BURNLEY,3121.0,TOORAK,3142.0,1592.679045436404
BURNLEY,3121.0,RICHMOND,3121.0,1914.4143700414832
BURNLEY,3121.0,HAWTHORN,3122.0,1993.7707128316213
WARRANDYTE SOUTH,3134.0,WARRANWOOD,3134.0,1882.890888954993
WARRANDYTE SOUTH,3134.0,CROYDON HILLS,3136.0,3209.1336743528263
WARRANDYTE SOUTH,3134.0,WONGA PARK,3115.0,4056.105084836996
ST ANDREWS,3761.0,SMITHS GULLY,3760.0,6944.495289880516
ST ANDREWS,3761.0,COTTLES BRIDGE,3099.0,8314.904008341975
ST ANDREWS,3761.0,ARTHURS CREEK,3099.0,9159.471288762259
THE PATCH,3792.0,KALLISTA,3791.0,2324.122652147418
THE PATCH,3792.0,MONBULK,3793.0,3592.386590513691
THE PATCH,3792.0,MENZIES CREEK,3159.0,4195.753476482617
TOORAK,3142.0,BURNLEY,3121.0,1592.679045436404
TOORAK,3142.0,KOOYONG,3144.0,1978.9685538232382
TOORAK,3142.0,PRAHRAN,3181.0,2127.310035871616
MACLEOD,3085.0,WATSONIA,3087.0,2123.6561405925486
MACLEOD,3085.0,ROSANNA,3084.0,2688.1012880426338
MACLEOD,3085.0,YALLAMBIE,3085.0,2878.7114977226556
WHITTLESEA,3757.0,EDEN PARK,3757.0,6596.642457699693
WHITTLESEA,3757.0,HUMEVALE,3757.0,7819.210376867773
WHITTLESEA,3757.0,YAN YEAN,3755.0,11761.93506845492
CAULFIELD,3162.0,CAULFIELD SOUTH,3162.0,1462.5741177769848
CAULFIELD,3162.0,CAULFIELD EAST,3145.0,1853.0112774088861
CAULFIELD,3162.0,GLEN HUNTLY,3163.0,1974.307531640381
ROSANNA,3084.0,HEIDELBERG,3084.0,1628.7896693991736
ROSANNA,3084.0,HEIDELBERG HEIGHTS,3081.0,1901.1488342009752
ROSANNA,3084.0,VIEWBANK,3084.0,2439.3317968145166
KILSYTH,3137.0,KILSYTH SOUTH,3137.0,1499.17580680733
KILSYTH,3137.0,BAYSWATER NORTH,3153.0,2905.1515578771846
KILSYTH,3137.0,CROYDON SOUTH,3136.0,3212.5736781339187
NARRE WARREN NORTH,3804.0,HARKAWAY,3806.0,4707.119539058768
NARRE WARREN NORTH,3804.0,NARRE WARREN,3805.0,5353.065183225162
NARRE WARREN NORTH,3804.0,NARRE WARREN EAST,3804.0,5726.696325126086
NARRE WARREN,3805.0,HALLAM,3803.0,4085.365580014064
NARRE WARREN,3805.0,NARRE WARREN SOUTH,3805.0,4137.2745022742065
NARRE WARREN,3805.0,HAMPTON PARK,3976.0,4691.211524340429
SASSAFRAS,3787.0,OLINDA,3788.0,2319.7767624416965
SASSAFRAS,3787.0,FERNY CREEK,3786.0,2790.8889369399803
SASSAFRAS,3787.0,SHERBROOKE,3789.0,3738.957025290706
BELGRAVE SOUTH,3160.0,BELGRAVE HEIGHTS,3160.0,2678.3694737130872
BELGRAVE SOUTH,3160.0,NARRE WARREN EAST,3804.0,2846.4759906291597
BELGRAVE SOUTH,3160.0,BELGRAVE,3160.0,4242.78468765489
YERING,3770.0,COLDSTREAM,3770.0,4006.5936468138984
YERING,3770.0,YARRA GLEN,3775.0,5048.3611529911495
YERING,3770.0,CHRISTMAS HILLS,3775.0,7740.498404789173
GRUYERE,3770.0,WANDIN NORTH,3139.0,8220.185470513865
GRUYERE,3770.0,SEVILLE,3139.0,10085.424477673772
GRUYERE,3770.0,LILYDALE,3140.0,11286.351622973349
MOUNT DANDENONG,3767.0,MONTROSE,3765.0,2957.9702720873033
MOUNT DANDENONG,3767.0,OLINDA,3788.0,3210.832416070327
MOUNT DANDENONG,3767.0,SASSAFRAS,3787.0,3889.8161445780324
KILSYTH SOUTH,3137.0,KILSYTH,3137.0,1499.17580680733
KILSYTH SOUTH,3137.0,BAYSWATER NORTH,3153.0,3008.8894711846533
KILSYTH SOUTH,3137.0,MONTROSE,3765.0,3795.8519957005356
GEMBROOK,3783.0,TYNONG NORTH,3813.0,12486.99164546335
GEMBROOK,3783.0,MARYKNOLL,3812.0,13663.370607893772
GEMBROOK,3783.0,MOUNT BURNETT,3781.0,14217.104069311488
KOOYONG,3144.0,HAWTHORN,3122.0,1770.6021212767012
KOOYONG,3144.0,TOORAK,3142.0,1978.9685538232382
KOOYONG,3144.0,HAWTHORN EAST,3123.0,2022.1024237026058
HEIDELBERG HEIGHTS,3081.0,HEIDELBERG WEST,3081.0,1511.820993650677
HEIDELBERG HEIGHTS,3081.0,ROSANNA,3084.0,1901.1488342009752
HEIDELBERG HEIGHTS,3081.0,BELLFIELD (GREATER MELBOURNE),,2163.7854008469794
IVANHOE EAST,3079.0,EAGLEMONT,3084.0,1755.2644855523765
IVANHOE EAST,3079.0,IVANHOE,3079.0,2197.732795505233
IVANHOE EAST,3079.0,KEW EAST,3102.0,2387.932987926574
WONGA PARK,3115.0,WARRANDYTE SOUTH,3134.0,4056.105084836996
WONGA PARK,3115.0,BEND OF ISLANDS,3097.0,5132.113339281983
WONGA PARK,3115.0,CROYDON HILLS,3136.0,5482.278656633514
BELGRAVE HEIGHTS,3160.0,BELGRAVE,3160.0,2269.5133200580362
BELGRAVE HEIGHTS,3160.0,BELGRAVE SOUTH,3160.0,2678.3694737130872
BELGRAVE HEIGHTS,3160.0,TECOMA,3160.0,2684.2888566682873
BORONIA,3155.0,BAYSWATER,3153.0,2802.433712461209
BORONIA,3155.0,THE BASIN,3154.0,3266.2887085189604
BORONIA,3155.0,BAYSWATER NORTH,3153.0,4007.959934746601
FERNTREE GULLY,3156.0,KNOXFIELD,3180.0,3557.1016866717255
FERNTREE GULLY,3156.0,UPPER FERNTREE GULLY,3156.0,3764.10463524111
FERNTREE GULLY,3156.0,TREMONT,3785.0,3985.2466560133958
DEVON MEADOWS,3977.0,CANNONS CREEK,3977.0,5220.47474583263
DEVON MEADOWS,3977.0,JUNCTION VILLAGE,3977.0,5577.815589355822
DEVON MEADOWS,3977.0,CLYDE,3978.0,5817.854407889524
WANDIN EAST,3139.0,SILVAN,3795.0,3066.018417983957
WANDIN EAST,3139.0,SEVILLE,3139.0,4170.846016316349
WANDIN EAST,3139.0,WANDIN NORTH,3139.0,5779.582889191724
COLDSTREAM,3770.0,YERING,3770.0,4006.5936468138984
COLDSTREAM,3770.0,CHIRNSIDE PARK,3116.0,6165.970723561602
COLDSTREAM,3770.0,BEND OF ISLANDS,3097.0,7318.006071131919
EDITHVALE,3196.0,CHELSEA,3196.0,1801.6434418775093
EDITHVALE,3196.0,CHELSEA HEIGHTS,3196.0,2002.8414058852375
EDITHVALE,3196.0,ASPENDALE GARDENS,3195.0,2210.8564128336598
TOTTENHAM,3012.0,BROOKLYN,3012.0,1795.173750291682
TOTTENHAM,3012.0,WEST FOOTSCRAY,3012.0,2088.4004039723936
TOTTENHAM,3012.0,KINGSVILLE,3012.0,2934.585524802783
CRANBOURNE EAST,3977.0,JUNCTION VILLAGE,3977.0,3352.114704250486
CRANBOURNE EAST,3977.0,CRANBOURNE,3977.0,3773.3488056158853
CRANBOURNE EAST,3977.0,CRANBOURNE NORTH,3977.0,5016.909210834923
KINGSVILLE,3012.0,WEST FOOTSCRAY,3012.0,1242.4112504211955
KINGSVILLE,3012.0,SEDDON,3011.0,1304.4403550584
KINGSVILLE,3012.0,YARRAVILLE,3013.0,1503.6492306882647
DARRAWEIT GUIM,3756.0,CLARKEFIELD,3430.0,12009.635974494953
DARRAWEIT GUIM,3756.0,BEVERIDGE,3753.0,13612.64029339631
DARRAWEIT GUIM,3756.0,KALKALLO,3064.0,18004.473399501112
LANGWARRIN SOUTH,3911.0,BAXTER,3911.0,4381.730449610094
LANGWARRIN SOUTH,3911.0,LANGWARRIN,3910.0,5191.625282154103
LANGWARRIN SOUTH,3911.0,SOMERVILLE,3912.0,5862.900641460767
EDEN PARK,3757.0,WHITTLESEA,3757.0,6596.642457699693
EDEN PARK,3757.0,WOODSTOCK,3751.0,8345.538466097845
EDEN PARK,3757.0,BEVERIDGE,3753.0,10437.947377417908
LYNDHURST,3975.0,SANDHURST,3977.0,3012.167114681531
LYNDHURST,3975.0,LYNBROOK,3975.0,3484.3999046765307
LYNDHURST,3975.0,DANDENONG SOUTH,3164.0,5050.214096747747
LYNDHURST,3975.0,DANDENONG SOUTH,3175.0,5050.214096747747
LYNDHURST,3975.0,DANDENONG SOUTH,8785.0,5050.214096747747
FRANKSTON,3199.0,FRANKSTON SOUTH,3199.0,3705.5364856309307
FRANKSTON,3199.0,FRANKSTON NORTH,3200.0,4464.516312160408
FRANKSTON,3199.0,LANGWARRIN,3910.0,6166.594382643298
MOUNT ELIZA,3930.0,FRANKSTON SOUTH,3199.0,4895.91365489575
MOUNT ELIZA,3930.0,MORNINGTON,3931.0,6134.8897580182775
MOUNT ELIZA,3930.0,BAXTER,3911.0,6747.6730848743355
MOUNT EVELYN,3796.0,LILYDALE,3140.0,3783.775961444636
MOUNT EVELYN,3796.0,WANDIN NORTH,3139.0,4653.90060028495
MOUNT EVELYN,3796.0,KALORAMA,3766.0,4668.444945291269
NARRE WARREN EAST,3804.0,BELGRAVE SOUTH,3160.0,2846.4759906291597
NARRE WARREN EAST,3804.0,HARKAWAY,3806.0,4323.541800489667
NARRE WARREN EAST,3804.0,BELGRAVE HEIGHTS,3160.0,5386.086882774414
CLYDE,3978.0,DEVON MEADOWS,3977.0,5817.854407889524
CLYDE,3978.0,TOORADIN,3980.0,6946.186659675081
CLYDE,3978.0,CARDINIA,3978.0,7562.692770073305
SHERBROOKE,3789.0,KALLISTA,3791.0,2752.9991454992714
SHERBROOKE,3789.0,TECOMA,3160.0,2921.721261541687
SHERBROOKE,3789.0,BELGRAVE,3160.0,3139.390348146579
FERNY CREEK,3786.0,TREMONT,3785.0,2003.3432814955158
FERNY CREEK,3786.0,SASSAFRAS,3787.0,2790.8889369399803
FERNY CREEK,3786.0,THE BASIN,3154.0,3163.2001507523055
OLINDA,3788.0,SASSAFRAS,3787.0,2319.7767624416965
OLINDA,3788.0,MOUNT DANDENONG,3767.0,3210.832416070327
OLINDA,3788.0,KALORAMA,3766.0,5002.507869486697
CHELSEA HEIGHTS,3196.0,CHELSEA,3196.0,1875.8638983318674
CHELSEA HEIGHTS,3196.0,EDITHVALE,3196.0,2002.8414058852375
CHELSEA HEIGHTS,3196.0,ASPENDALE GARDENS,3195.0,2586.386858671335
HUMEVALE,3757.0,WHITTLESEA,3757.0,7819.210376867773
HUMEVALE,3757.0,YAN YEAN,3755.0,8058.906845748317
HUMEVALE,3757.0,ARTHURS CREEK,3099.0,9661.019283543606
CLIFTON HILL,3068.0,FAIRFIELD,3078.0,1655.2606898394854
CLIFTON HILL,3068.0,FITZROY NORTH,3068.0,1665.4109266517705
CLIFTON HILL,3068.0,ABBOTSFORD,3067.0,2026.2196326120843
WANDIN NORTH,3139.0,MOUNT EVELYN,3796.0,4653.90060028495
WANDIN NORTH,3139.0,WANDIN EAST,3139.0,5779.582889191724
WANDIN NORTH,3139.0,LILYDALE,3140.0,6515.333179941428
HARKAWAY,3806.0,NARRE WARREN EAST,3804.0,4323.541800489667
HARKAWAY,3806.0,NARRE WARREN NORTH,3804.0,4707.119539058768
HARKAWAY,3806.0,GUYS HILL,3807.0,5072.149763538257
LYNBROOK,3975.0,HAMPTON PARK,3976.0,2217.425764029928
LYNBROOK,3975.0,LYNDHURST,3975.0,3484.3999046765307
LYNBROOK,3975.0,NARRE WARREN SOUTH,3805.0,5081.095222562712
HAMPTON,3188.0,SANDRINGHAM,3191.0,2078.2897812206133
HAMPTON,3188.0,HAMPTON EAST,3188.0,2150.364597106331
HAMPTON,3188.0,BRIGHTON EAST,3187.0,3047.130893327482
CAMPBELLFIELD,3061.0,DALLAS,3047.0,2841.1925742462895
CAMPBELLFIELD,3061.0,COOLAROO,3048.0,3373.2825555045165
CAMPBELLFIELD,3061.0,BROADMEADOWS,3047.0,4096.028083226971
MICKLEHAM,3064.0,CRAIGIEBURN,3064.0,5754.108850371179
MICKLEHAM,3064.0,YUROKE,3063.0,6524.99233408228
MICKLEHAM,3064.0,KALKALLO,3064.0,7440.288009228494
BULLEEN,3105.0,EAGLEMONT,3084.0,2558.3218600291916
BULLEEN,3105.0,TEMPLESTOWE LOWER,3107.0,2899.7707642262885
BULLEEN,3105.0,HEIDELBERG,3084.0,3032.3917546485864
CARLTON NORTH,3054.0,PRINCES HILL,3054.0,768.5745174790675
CARLTON NORTH,3054.0,CARLTON,3053.0,1796.2901872845625
CARLTON NORTH,3054.0,PARKVILLE,3052.0,2045.2344308931
NORTHCOTE,3070.0,THORNBURY,3071.0,2000.6682367392154
NORTHCOTE,3070.0,FAIRFIELD,3078.0,2124.775582197868
NORTHCOTE,3070.0,FITZROY NORTH,3068.0,2302.0955376739958
LALOR,3075.0,THOMASTOWN,3074.0,2423.8216069331006
LALOR,3075.0,EPPING,3076.0,4039.6520512883408
LALOR,3075.0,CAMPBELLFIELD,3061.0,4978.1596388911785
CLEMATIS,3782.0,MENZIES CREEK,3159.0,2219.180342199583
CLEMATIS,3782.0,EMERALD,3782.0,3196.319836111406
CLEMATIS,3782.0,SELBY,3159.0,4892.203219922647
SELBY,3159.0,KALLISTA,3791.0,2803.6752473644624
SELBY,3159.0,MENZIES CREEK,3159.0,2870.281299001718
SELBY,3159.0,BELGRAVE,3160.0,3073.7262953971062
HIGHETT,3190.0,HAMPTON EAST,3188.0,2042.1793987524352
HIGHETT,3190.0,MOORABBIN,3189.0,2424.8083162211437
HIGHETT,3190.0,CHELTENHAM,3192.0,2473.6075059410523
MONTROSE,3765.0,MOUNT DANDENONG,3767.0,2957.9702720873033
MONTROSE,3765.0,KILSYTH,3137.0,3577.586086218067
MONTROSE,3765.0,KILSYTH SOUTH,3137.0,3795.8519957005356
KALLISTA,3791.0,THE PATCH,3792.0,2324.122652147418
KALLISTA,3791.0,SHERBROOKE,3789.0,2752.9991454992714
KALLISTA,3791.0,SELBY,3159.0,2803.6752473644624
CHELTENHAM,3192.0,HIGHETT,3190.0,2473.6075059410523
CHELTENHAM,3192.0,MOORABBIN,3189.0,2866.3423277630545
CHELTENHAM,3192.0,MENTONE,3194.0,3190.9259264002744
TOORADIN,3980.0,DALMORE,3981.0,3938.766243710953
TOORADIN,3980.0,BLIND BIGHT,3980.0,6080.679693519437
TOORADIN,3980.0,CLYDE,3978.0,6946.186659675081
FAWKNER,3060.0,HADFIELD,3046.0,2383.214933742326
FAWKNER,3060.0,COBURG NORTH,3058.0,3134.445379533343
FAWKNER,3060.0,RESERVOIR,3073.0,3799.5310306102665
COBURG NORTH,3058.0,COBURG,3058.0,2550.5014223898534
COBURG NORTH,3058.0,HADFIELD,3046.0,3122.6396306743504
COBURG NORTH,3058.0,FAWKNER,3060.0,3134.445379533343
ROCKBANK,3335.0,THORNHILL PARK,3335.0,2534.467301588061
ROCKBANK,3335.0,AINTREE,3336.0,2704.4262132828626
ROCKBANK,3335.0,FIELDSTONE,3024.0,3169.9241262461373
ASCOT VALE,3032.0,FLEMINGTON,3031.0,1049.0526261465632
ASCOT VALE,3032.0,TRAVANCORE,3032.0,1528.2762479820128
ASCOT VALE,3032.0,MOONEE PONDS,3039.0,2068.98489269147
FLEMINGTON,3031.0,ASCOT VALE,3032.0,1049.0526261465632
FLEMINGTON,3031.0,KENSINGTON,3031.0,1081.211134674134
FLEMINGTON,3031.0,TRAVANCORE,3032.0,1616.9784559554182
NORTH WARRANDYTE,3113.0,WARRANDYTE,3113.0,3499.403473953053
NORTH WARRANDYTE,3113.0,RESEARCH,3095.0,3820.188518777854
NORTH WARRANDYTE,3113.0,KANGAROO GROUND,3097.0,5337.008786321732
TARNEIT,3029.0,HOPPERS CROSSING,3029.0,6459.631462349432
TARNEIT,3029.0,WYNDHAM VALE,3024.0,6510.186786922373
TARNEIT,3029.0,MOUNT COTTRELL,3024.0,7143.0511048310245
THORNBURY,3071.0,NORTHCOTE,3070.0,2000.6682367392154
THORNBURY,3071.0,PRESTON,3072.0,2374.3070352417185
THORNBURY,3071.0,BRUNSWICK EAST,3057.0,3294.0811882091207
DIGGERS REST,3427.0,PLUMPTON,3037.0,7296.047883693041
DIGGERS REST,3427.0,PLUMPTON,3335.0,7296.047883693041
DIGGERS REST,3427.0,PLUMPTON,3427.0,7296.047883693041
DIGGERS REST,3427.0,SUNBURY,3429.0,9193.921517715486
DIGGERS REST,3427.0,MELTON,3337.0,10834.875437588607
PLUMPTON,3037.0,BONNIE BROOK,3335.0,5411.829303732735
PLUMPTON,3335.0,BONNIE BROOK,3335.0,5411.829303732735
PLUMPTON,3427.0,BONNIE BROOK,3335.0,5411.829303732735
PLUMPTON,3037.0,FRASER RISE,3336.0,5888.858565737823
PLUMPTON,3335.0,FRASER RISE,3336.0,5888.858565737823
PLUMPTON,3427.0,FRASER RISE,3336.0,5888.858565737823
PLUMPTON,3037.0,HILLSIDE (GREATER MELBOURNE),,6297.583318059159
PLUMPTON,3335.0,HILLSIDE (GREATER MELBOURNE),,6297.583318059159
PLUMPTON,3427.0,HILLSIDE (GREATER MELBOURNE),,6297.583318059159
MELTON,3337.0,GRANGEFIELDS,3335.0,4154.855576599585
MELTON,3337.0,COBBLEBANK,3338.0,5300.814027617865
MELTON,3337.0,BONNIE BROOK,3335.0,6908.614369828527
CALDER PARK,3037.0,SYDENHAM,3037.0,2950.606704971507
CALDER PARK,3037.0,HILLSIDE (GREATER MELBOURNE),,3179.680941981229
CALDER PARK,3037.0,KEILOR NORTH,3036.0,3529.1561215517804
BONNIE BROOK,3335.0,AINTREE,3336.0,2802.857301712054
BONNIE BROOK,3335.0,FRASER RISE,3336.0,3920.3594158709866
BONNIE BROOK,3335.0,GRANGEFIELDS,3335.0,4235.345215224258
GRANGEFIELDS,3335.0,ROCKBANK,3335.0,3993.5247124154625
GRANGEFIELDS,3335.0,THORNHILL PARK,3335.0,4010.2868409688954
GRANGEFIELDS,3335.0,AINTREE,3336.0,4027.5274224215077
COBBLEBANK,3338.0,STRATHTULLOH,3338.0,3426.0621759687992
COBBLEBANK,3338.0,THORNHILL PARK,3335.0,4006.8127213515545
COBBLEBANK,3338.0,GRANGEFIELDS,3335.0,4396.426072058041
THORNHILL PARK,3335.0,ROCKBANK,3335.0,2534.467301588061
THORNHILL PARK,3335.0,STRATHTULLOH,3338.0,3239.9823180273847
THORNHILL PARK,3335.0,COBBLEBANK,3338.0,4006.8127213515545
DELAHEY,3037.0,KINGS PARK,3021.0,2160.2664127703665
DELAHEY,3037.0,TAYLORS HILL,3037.0,2684.237253848558
DELAHEY,3037.0,KEILOR DOWNS,3038.0,3051.33322293638
STRATHTULLOH,3338.0,THORNHILL PARK,3335.0,3239.9823180273847
STRATHTULLOH,3338.0,COBBLEBANK,3338.0,3426.0621759687992
STRATHTULLOH,3338.0,ROCKBANK,3335.0,5738.432386966733
TRUGANINA,3029.0,RAVENHALL,3023.0,5154.365251229096
TRUGANINA,3029.0,DERRIMUT,3026.0,6724.147613261829
TRUGANINA,3029.0,TARNEIT,3029.0,7462.70306713758
BURNSIDE,3023.0,ALBANVALE,3021.0,2245.414651211742
BURNSIDE,3023.0,BURNSIDE HEIGHTS,3023.0,2529.8697973304356
BURNSIDE,3023.0,CAROLINE SPRINGS,3023.0,2941.7479260740824
GLADSTONE PARK,3043.0,GOWANBRAE,3043.0,1350.0298790118782
GLADSTONE PARK,3043.0,JACANA,3047.0,1815.4025282115501
GLADSTONE PARK,3043.0,TULLAMARINE,3043.0,2312.165004647891
LYSTERFIELD,3156.0,LYSTERFIELD SOUTH,3156.0,4277.839671933407
LYSTERFIELD,3156.0,BELGRAVE HEIGHTS,3160.0,5186.2798810395425
LYSTERFIELD,3156.0,UPWEY,3158.0,5274.838213153767
ABBOTSFORD,3067.0,COLLINGWOOD,3066.0,1348.9500195521716
ABBOTSFORD,3067.0,CLIFTON HILL,3068.0,2026.2196326120843
ABBOTSFORD,3067.0,FITZROY,3065.0,2362.1976122669394
SUNSHINE NORTH,3020.0,AVONDALE HEIGHTS,3034.0,2899.440735419652
SUNSHINE NORTH,3020.0,ALBION,3020.0,3022.0776973852485
SUNSHINE NORTH,3020.0,ST ALBANS,3021.0,3493.038624995016
BOX HILL NORTH,3129.0,MONT ALBERT NORTH,3129.0,2061.7766596500237
BOX HILL NORTH,3129.0,BOX HILL,3128.0,2200.6361132707902
BOX HILL NORTH,3129.0,BLACKBURN NORTH,3130.0,2923.952031475227
KINGS PARK,3021.0,ALBANVALE,3021.0,1749.7560844102477
KINGS PARK,3021.0,BURNSIDE HEIGHTS,3023.0,1770.784627906026
KINGS PARK,3021.0,DELAHEY,3037.0,2160.2664127703665
MOUNT COTTRELL,3024.0,FIELDSTONE,3024.0,6707.201706629825
MOUNT COTTRELL,3024.0,TARNEIT,3029.0,7143.0511048310245
MOUNT COTTRELL,3024.0,WYNDHAM VALE,3024.0,9114.9097009845
TRAVANCORE,3032.0,ASCOT VALE,3032.0,1528.2762479820128
TRAVANCORE,3032.0,FLEMINGTON,3031.0,1616.9784559554182
TRAVANCORE,3032.0,PARKVILLE,3052.0,1657.3714357531483
YUROKE,3063.0,OAKLANDS JUNCTION,3063.0,3033.497599183091
YUROKE,3063.0,MICKLEHAM,3064.0,6524.99233408228
YUROKE,3063.0,WILDWOOD,3429.0,6990.864425343394
DEEPDENE,3103.0,CANTERBURY,3126.0,2243.6061376240204
DEEPDENE,3103.0,BALWYN,3103.0,2364.610207615138
DEEPDENE,3103.0,KEW,3101.0,3105.3228448476657
HAWTHORN,3122.0,KOOYONG,3144.0,1770.6021212767012
HAWTHORN,3122.0,HAWTHORN EAST,3123.0,1782.7228014764219
HAWTHORN,3122.0,BURNLEY,3121.0,1993.7707128316213
CANTERBURY,3126.0,CAMBERWELL,3124.0,1650.7412078738073
CANTERBURY,3126.0,DEEPDENE,3103.0,2243.6061376240204
CANTERBURY,3126.0,BALWYN,3103.0,2328.3449329819205
HAWTHORN EAST,3123.0,HAWTHORN,3122.0,1782.7228014764219
HAWTHORN EAST,3123.0,KOOYONG,3144.0,2022.1024237026058
HAWTHORN EAST,3123.0,CAMBERWELL,3124.0,2741.2012409819577
PARKVILLE,3052.0,NORTH MELBOURNE,3051.0,1511.379388185765
PARKVILLE,3052.0,TRAVANCORE,3032.0,1657.3714357531483
PARKVILLE,3052.0,PRINCES HILL,3054.0,2043.785134926305
EAGLEMONT,3084.0,HEIDELBERG,3084.0,1706.733120760815
EAGLEMONT,3084.0,IVANHOE EAST,3079.0,1755.2644855523765
EAGLEMONT,3084.0,BULLEEN,3105.0,2558.3218600291916
MENTONE,3194.0,PARKDALE,3195.0,2531.974971566352
MENTONE,3194.0,BEAUMARIS,3193.0,2602.4533856377557
MENTONE,3194.0,CHELTENHAM,3192.0,3190.9259264002744
SWAN BAY,3225.0,SWAN ISLAND,3225.0,2622.1309490580766
SWAN BAY,3225.0,QUEENSCLIFF,3225.0,4606.958880620794
SWAN BAY,3225.0,MANNERIM,3222.0,6863.472189547764
NORTH MELBOURNE,3051.0,PARKVILLE,3052.0,1511.379388185765
NORTH MELBOURNE,3051.0,KENSINGTON,3031.0,2124.008457314679
NORTH MELBOURNE,3051.0,TRAVANCORE,3032.0,2236.9487277890225
PARKDALE,3195.0,MORDIALLOC,3195.0,2088.515745013075
PARKDALE,3195.0,MENTONE,3194.0,2531.974971566352
PARKDALE,3195.0,MOORABBIN AIRPORT,3194.0,3162.7287547768756
GLEN HUNTLY,3163.0,CAULFIELD EAST,3145.0,1543.746290012552
GLEN HUNTLY,3163.0,CARNEGIE,3163.0,1603.1622671644286
GLEN HUNTLY,3163.0,ORMOND,3204.0,1620.5499032770392
CHELSEA,3196.0,EDITHVALE,3196.0,1801.6434418775093
CHELSEA,3196.0,CHELSEA HEIGHTS,3196.0,1875.8638983318674
CHELSEA,3196.0,BONBEACH,3196.0,2018.0508978926177
BONBEACH,3196.0,CARRUM,3197.0,1996.2806728590238
BONBEACH,3196.0,CHELSEA,3196.0,2018.0508978926177
BONBEACH,3196.0,PATTERSON LAKES,3197.0,2143.320355149395
CARNEGIE,3163.0,GLEN HUNTLY,3163.0,1603.1622671644286
CARNEGIE,3163.0,MURRUMBEENA,3163.0,1710.4168079433693
CARNEGIE,3163.0,ORMOND,3204.0,1810.0633223891568
CAULFIELD SOUTH,3162.0,CAULFIELD,3162.0,1462.5741177769848
CAULFIELD SOUTH,3162.0,GARDENVALE,3185.0,1780.05721078531
CAULFIELD SOUTH,3162.0,GLEN HUNTLY,3163.0,1885.0155515190747
ORMOND,3204.0,MCKINNON,3204.0,1208.5522503770576
ORMOND,3204.0,GLEN HUNTLY,3163.0,1620.5499032770392
ORMOND,3204.0,CARNEGIE,3163.0,1810.0633223891568
WOLLERT,3750.0,EPPING,3076.0,6686.162324170119
WOLLERT,3750.0,DONNYBROOK,3064.0,7581.351384555857
WOLLERT,3750.0,WOODSTOCK,3751.0,7938.135303950424
MERNDA,3754.0,DOREEN,3754.0,6169.269514802725
MERNDA,3754.0,SOUTH MORANG,3752.0,6379.84019739562
MERNDA,3754.0,WOODSTOCK,3751.0,7354.380288265849
SOUTH MORANG,3752.0,MILL PARK,3082.0,4542.158495969594
SOUTH MORANG,3752.0,PLENTY,3090.0,4907.909382073977
SOUTH MORANG,3752.0,YARRAMBAT,3091.0,5610.985481154839
MCKINNON,3204.0,ORMOND,3204.0,1208.5522503770576
MCKINNON,3204.0,BENTLEIGH,3204.0,1726.797845347971
MCKINNON,3204.0,GLEN HUNTLY,3163.0,2626.878806143897
BENTLEIGH,3204.0,MCKINNON,3204.0,1726.797845347971
BENTLEIGH,3204.0,HAMPTON EAST,3188.0,2372.880044322298
BENTLEIGH,3204.0,BRIGHTON EAST,3187.0,2669.2874723845975
AIRPORT WEST,3042.0,ESSENDON FIELDS,3041.0,2234.9448154753018
AIRPORT WEST,3042.0,NIDDRIE,3042.0,2428.582662737358
AIRPORT WEST,3042.0,STRATHMORE HEIGHTS,3041.0,2452.7251864753807
GARDENVALE,3185.0,ELSTERNWICK,3185.0,1494.7233805859792
GARDENVALE,3185.0,CAULFIELD SOUTH,3162.0,1780.05721078531
GARDENVALE,3185.0,BRIGHTON,3186.0,2163.7171904103043
MOORABBIN,3189.0,HIGHETT,3190.0,2424.8083162211437
MOORABBIN,3189.0,CHELTENHAM,3192.0,2866.3423277630545
MOORABBIN,3189.0,BENTLEIGH EAST,3165.0,2906.251577661542
MALVERN,3144.0,ARMADALE,3143.0,1703.8164459552258
MALVERN,3144.0,CAULFIELD NORTH,3161.0,2258.8989134786066
MALVERN,3144.0,KOOYONG,3144.0,2444.0070016963386
NIDDRIE,3042.0,ESSENDON NORTH,3041.0,1697.8610547099975
NIDDRIE,3042.0,ESSENDON WEST,3040.0,2210.14409074254
NIDDRIE,3042.0,AIRPORT WEST,3042.0,2428.582662737358
ESSENDON NORTH,3041.0,ESSENDON,3040.0,1649.5752795965277
ESSENDON NORTH,3041.0,NIDDRIE,3042.0,1697.8610547099975
ESSENDON NORTH,3041.0,ESSENDON FIELDS,3041.0,2066.917303446261
ESSENDON WEST,3040.0,ABERFELDIE,3040.0,1692.002643416362
ESSENDON WEST,3040.0,NIDDRIE,3042.0,2210.14409074254
ESSENDON WEST,3040.0,MARIBYRNONG,3032.0,2458.7879699905498
MANNERIM,3222.0,MARCUS HILL,3222.0,5032.451436904482
MANNERIM,3222.0,POINT LONSDALE,3225.0,6485.836829317675
MANNERIM,3222.0,SWAN BAY,3225.0,6863.472189547764
QUEENSCLIFF,3225.0,SWAN ISLAND,3225.0,3018.662016570664
QUEENSCLIFF,3225.0,SWAN BAY,3225.0,4606.958880620794
QUEENSCLIFF,3225.0,POINT LONSDALE,3225.0,7242.137238041553
BRIGHTON EAST,3187.0,BRIGHTON,3186.0,2570.987847737217
BRIGHTON EAST,3187.0,BENTLEIGH,3204.0,2669.2874723845975
BRIGHTON EAST,3187.0,GARDENVALE,3185.0,2702.9010549680847
RINGWOOD EAST,3135.0,RINGWOOD,3134.0,2296.931703434087
RINGWOOD EAST,3135.0,HEATHMONT,3135.0,2357.898932040366
RINGWOOD EAST,3135.0,RINGWOOD NORTH,3134.0,3305.1753538457847
SWAN ISLAND,3225.0,SWAN BAY,3225.0,2622.1309490580766
SWAN ISLAND,3225.0,QUEENSCLIFF,3225.0,3018.662016570664
SWAN ISLAND,3225.0,MANNERIM,3222.0,8979.46639941961
CROYDON SOUTH,3136.0,BAYSWATER NORTH,3153.0,1487.8767369103934
CROYDON SOUTH,3136.0,KILSYTH,3137.0,3212.5736781339187
CROYDON SOUTH,3136.0,CROYDON,3136.0,3410.3270468876526
MARCUS HILL,3222.0,POINT LONSDALE,3225.0,4670.291252075762
MARCUS HILL,3222.0,MANNERIM,3222.0,5032.451436904482
MARCUS HILL,3222.0,SWAN BAY,3225.0,10809.991353845668
DERRIMUT,3026.0,SUNSHINE WEST,3020.0,3894.1929026255475
DERRIMUT,3026.0,SUNSHINE WEST,8438.0,3894.1929026255475
DERRIMUT,3026.0,SUNSHINE WEST,8511.0,3894.1929026255475
DERRIMUT,3026.0,DEER PARK,3023.0,4439.66110644002
DERRIMUT,3026.0,ARDEER,3022.0,4620.197722404564
CAULFIELD EAST,3145.0,GLEN HUNTLY,3163.0,1543.746290012552
CAULFIELD EAST,3145.0,CAULFIELD,3162.0,1853.0112774088861
CAULFIELD EAST,3145.0,CARNEGIE,3163.0,2326.9868590702936
PARK ORCHARDS,3114.0,DONVALE,3111.0,3288.467972261001
PARK ORCHARDS,3114.0,RINGWOOD NORTH,3134.0,3357.939154804971
PARK ORCHARDS,3114.0,WARRANDYTE,3113.0,3516.4499524763487
CROYDON HILLS,3136.0,CROYDON NORTH,3136.0,1758.559509644079
CROYDON HILLS,3136.0,WARRANWOOD,3134.0,2025.0382069874993
CROYDON HILLS,3136.0,CROYDON,3136.0,2811.1319615590764
ABERFELDIE,3040.0,ESSENDON WEST,3040.0,1692.002643416362
ABERFELDIE,3040.0,ESSENDON,3040.0,2011.429573623379
ABERFELDIE,3040.0,MARIBYRNONG,3032.0,2236.979980788188
MOORABBIN AIRPORT,3194.0,DINGLEY VILLAGE,3172.0,2742.7595414253783
MOORABBIN AIRPORT,3194.0,MORDIALLOC,3195.0,2887.9781020484284
MOORABBIN AIRPORT,3194.0,PARKDALE,3195.0,3162.7287547768756
MORDIALLOC,3195.0,PARKDALE,3195.0,2088.515745013075
MORDIALLOC,3195.0,BRAESIDE,3195.0,2834.216515076974
MORDIALLOC,3195.0,MOORABBIN AIRPORT,3194.0,2887.9781020484284
ASPENDALE,3195.0,ASPENDALE GARDENS,3195.0,2219.8377834569787
ASPENDALE,3195.0,EDITHVALE,3196.0,2548.2960247790647
ASPENDALE,3195.0,WATERWAYS,3195.0,3062.5263497250608
BALACLAVA,3183.0,RIPPONLEA,3185.0,1064.385524267834
BALACLAVA,3183.0,ST KILDA EAST,3183.0,1124.597816682163
BALACLAVA,3183.0,ST KILDA,3182.0,1757.399631743904
POINT LONSDALE,3225.0,MARCUS HILL,3222.0,4670.291252075762
POINT LONSDALE,3225.0,MANNERIM,3222.0,6485.836829317675
POINT LONSDALE,3225.0,QUEENSCLIFF,3225.0,7242.137238041553
RINGWOOD NORTH,3134.0,RINGWOOD,3134.0,2606.9740526734945
RINGWOOD NORTH,3134.0,WARRANWOOD,3134.0,3281.5800839885223
RINGWOOD NORTH,3134.0,RINGWOOD EAST,3135.0,3305.1753538457847
WINDSOR,3181.0,PRAHRAN,3181.0,1503.8857273671977
WINDSOR,3181.0,ST KILDA,3182.0,1860.3161226923476
WINDSOR,3181.0,BALACLAVA,3183.0,2239.3290864795536
ST KILDA,3182.0,ST KILDA WEST,3182.0,1339.7059215554395
ST KILDA,3182.0,BALACLAVA,3183.0,1757.399631743904
ST KILDA,3182.0,WINDSOR,3181.0,1860.3161226923476
ST KILDA WEST,3182.0,ST KILDA,3182.0,1339.7059215554395
ST KILDA WEST,3182.0,MIDDLE PARK,3206.0,1641.3638377390162
ST KILDA WEST,3182.0,WINDSOR,3181.0,2417.6307038660952
NEWPORT,3015.0,WILLIAMSTOWN NORTH,3016.0,1638.127121958807
NEWPORT,3015.0,SPOTSWOOD,3015.0,2401.0856097838596
NEWPORT,3015.0,WILLIAMSTOWN,3016.0,2416.130889174217
ELSTERNWICK,3185.0,GARDENVALE,3185.0,1494.7233805859792
ELSTERNWICK,3185.0,RIPPONLEA,3185.0,1859.1221446045313
ELSTERNWICK,3185.0,CAULFIELD,3162.0,2122.908604608903
SOUTH MELBOURNE,3205.0,SOUTHBANK,3006.0,1253.7248718854519
SOUTH MELBOURNE,3205.0,SOUTH WHARF,3006.0,1527.8510546639623
SOUTH MELBOURNE,3205.0,ALBERT PARK,3206.0,1892.1247493359995
ALBERT PARK,3206.0,MIDDLE PARK,3206.0,1259.5853399448508
ALBERT PARK,3206.0,SOUTH MELBOURNE,3205.0,1892.1247493359995
ALBERT PARK,3206.0,SOUTH WHARF,3006.0,2823.771448247984
MIDDLE PARK,3206.0,ALBERT PARK,3206.0,1259.5853399448508
MIDDLE PARK,3206.0,ST KILDA WEST,3182.0,1641.3638377390162
MIDDLE PARK,3206.0,SOUTH MELBOURNE,3205.0,2341.5919677566667
HAMPTON EAST,3188.0,HIGHETT,3190.0,2042.1793987524352
HAMPTON EAST,3188.0,HAMPTON,3188.0,2150.364597106331
HAMPTON EAST,3188.0,BENTLEIGH,3204.0,2372.880044322298
HEATHERTON,3202.0,CLARINDA,3169.0,2595.1994448648566
HEATHERTON,3202.0,MOORABBIN AIRPORT,3194.0,3368.9763014975624
HEATHERTON,3202.0,CHELTENHAM,3192.0,3715.1694973821914
WATSONIA NORTH,3087.0,WATSONIA,3087.0,2105.541888499087
WATSONIA NORTH,3087.0,GREENSBOROUGH,3088.0,2692.668066193844
WATSONIA NORTH,3087.0,BUNDOORA,3083.0,3542.0772881090875
ST HELENA,3088.0,GREENSBOROUGH,3088.0,2010.8089177385934
ST HELENA,3088.0,BRIAR HILL,3088.0,2267.76511475839
ST HELENA,3088.0,ELTHAM NORTH,3095.0,2437.658297396941
KENSINGTON,3031.0,FLEMINGTON,3031.0,1081.211134674134
KENSINGTON,3031.0,NORTH MELBOURNE,3051.0,2124.008457314679
KENSINGTON,3031.0,ASCOT VALE,3032.0,2128.0618956248104
DIAMOND CREEK,3089.0,YARRAMBAT,3091.0,3821.2908663332014
DIAMOND CREEK,3089.0,WATTLE GLEN,3096.0,3888.453518953108
DIAMOND CREEK,3089.0,PLENTY,3090.0,4721.281500663086
ELTHAM NORTH,3095.0,BRIAR HILL,3088.0,2426.753768738062
ELTHAM NORTH,3095.0,ST HELENA,3088.0,2437.658297396941
ELTHAM NORTH,3095.0,ELTHAM,3095.0,2717.577903936494
MONTMORENCY,3094.0,BRIAR HILL,3088.0,2000.469900909203
MONTMORENCY,3094.0,LOWER PLENTY,3093.0,2584.7964629888793
MONTMORENCY,3094.0,GREENSBOROUGH,3088.0,3264.919970979907
BRIAR HILL,3088.0,GREENSBOROUGH,3088.0,1742.2219642002144
BRIAR HILL,3088.0,MONTMORENCY,3094.0,2000.469900909203
BRIAR HILL,3088.0,ST HELENA,3088.0,2267.76511475839
ALBANVALE,3021.0,KINGS PARK,3021.0,1749.7560844102477
ALBANVALE,3021.0,BURNSIDE,3023.0,2245.414651211742
ALBANVALE,3021.0,BURNSIDE HEIGHTS,3023.0,2330.207987318317
NUTFIELD,3099.0,COTTLES BRIDGE,3099.0,3856.49450692295
NUTFIELD,3099.0,DOREEN,3754.0,5087.15573778429
NUTFIELD,3099.0,HURSTBRIDGE,3099.0,5093.07376795028
HURSTBRIDGE,3099.0,WATTLE GLEN,3096.0,4661.087999587466
HURSTBRIDGE,3099.0,NUTFIELD,3099.0,5093.07376795028
HURSTBRIDGE,3099.0,COTTLES BRIDGE,3099.0,5180.23330400115
PLENTY,3090.0,ST HELENA,3088.0,3640.135937998145
PLENTY,3090.0,YARRAMBAT,3091.0,4684.633228347452
PLENTY,3090.0,DIAMOND CREEK,3089.0,4721.281500663086
KANGAROO GROUND,3097.0,RESEARCH,3095.0,4957.298843775329
KANGAROO GROUND,3097.0,WATSONS CREEK,3097.0,5100.483960784122
KANGAROO GROUND,3097.0,NORTH WARRANDYTE,3113.0,5337.008786321732
BEND OF ISLANDS,3097.0,WONGA PARK,3115.0,5132.113339281983
BEND OF ISLANDS,3097.0,KANGAROO GROUND,3097.0,5369.888497414485
BEND OF ISLANDS,3097.0,WATSONS CREEK,3097.0,5503.063327440655
DINGLEY VILLAGE,3172.0,SPRINGVALE SOUTH,3172.0,2626.5874787317402
DINGLEY VILLAGE,3172.0,MOORABBIN AIRPORT,3194.0,2742.7595414253783
DINGLEY VILLAGE,3172.0,BRAESIDE,3195.0,3810.99867271689
EUMEMMERRING,3177.0,DOVETON,3177.0,2197.991490140797
EUMEMMERRING,3177.0,HALLAM,3803.0,2572.150342183664
EUMEMMERRING,3177.0,ENDEAVOUR HILLS,3802.0,4128.011428068941
ELTHAM,3095.0,ELTHAM NORTH,3095.0,2717.577903936494
ELTHAM,3095.0,MONTMORENCY,3094.0,3521.154577713919
ELTHAM,3095.0,BRIAR HILL,3088.0,3664.671790457143
WARRANDYTE,3113.0,NORTH WARRANDYTE,3113.0,3499.403473953053
WARRANDYTE,3113.0,PARK ORCHARDS,3114.0,3516.4499524763487
WARRANDYTE,3113.0,WARRANDYTE SOUTH,3134.0,4096.317716049714
TEMPLESTOWE,3106.0,DONCASTER EAST,3109.0,3346.902331745418
TEMPLESTOWE,3106.0,TEMPLESTOWE LOWER,3107.0,3531.6665476699673
TEMPLESTOWE,3106.0,LOWER PLENTY,3093.0,3676.5338391110126
CREMORNE,3121.0,SOUTH YARRA,3141.0,1213.130736514541
CREMORNE,3121.0,MELBOURNE,3000.0,1443.3458826166786
CREMORNE,3121.0,MELBOURNE,3001.0,1443.3458826166786
CREMORNE,3121.0,MELBOURNE,3004.0,1443.3458826166786
CREMORNE,3121.0,MELBOURNE,8001.0,1443.3458826166786
CREMORNE,3121.0,MELBOURNE,8045.0,1443.3458826166786
CREMORNE,3121.0,MELBOURNE,8051.0,1443.3458826166786
CREMORNE,3121.0,MELBOURNE,8066.0,1443.3458826166786
CREMORNE,3121.0,MELBOURNE,8069.0,1443.3458826166786
CREMORNE,3121.0,MELBOURNE,8070.0,1443.3458826166786
CREMORNE,3121.0,MELBOURNE,8071.0,1443.3458826166786
CREMORNE,3121.0,MELBOURNE,8102.0,1443.3458826166786
CREMORNE,3121.0,MELBOURNE,8107.0,1443.3458826166786
CREMORNE,3121.0,MELBOURNE,8111.0,1443.3458826166786
CREMORNE,3121.0,MELBOURNE,8120.0,1443.3458826166786
CREMORNE,3121.0,MELBOURNE,8205.0,1443.3458826166786
CREMORNE,3121.0,MELBOURNE,8383.0,1443.3458826166786
CREMORNE,3121.0,RICHMOND,3121.0,1525.868988124148
MERRICKS BEACH,3926.0,BALNARRING BEACH,3926.0,1542.2237361685584
MERRICKS BEACH,3926.0,MERRICKS,3916.0,2817.906216851512
MERRICKS BEACH,3926.0,POINT LEO,3916.0,5314.123075501294
COTTLES BRIDGE,3099.0,NUTFIELD,3099.0,3856.49450692295
COTTLES BRIDGE,3099.0,HURSTBRIDGE,3099.0,5180.23330400115
COTTLES BRIDGE,3099.0,PANTON HILL,3759.0,5624.888231134202
SMITHS GULLY,3760.0,CHRISTMAS HILLS,3775.0,4583.631829469653
SMITHS GULLY,3760.0,PANTON HILL,3759.0,4985.444937000503
SMITHS GULLY,3760.0,WATSONS CREEK,3097.0,5868.382664807622
WANTIRNA SOUTH,3152.0,WANTIRNA,3152.0,2473.5321760214842
WANTIRNA SOUTH,3152.0,KNOXFIELD,3180.0,3800.3155338900315
WANTIRNA SOUTH,3152.0,VERMONT SOUTH,3133.0,4295.65705400237
GLEN WAVERLEY,3150.0,WHEELERS HILL,3150.0,3815.3511469929604
GLEN WAVERLEY,3150.0,VERMONT SOUTH,3133.0,4300.690786921323
GLEN WAVERLEY,3150.0,NOTTING HILL,3168.0,4532.70556411907
BALWYN NORTH,3104.0,BALWYN,3103.0,2674.111038933916
BALWYN NORTH,3104.0,MONT ALBERT NORTH,3129.0,3381.78985727722
BALWYN NORTH,3104.0,BULLEEN,3105.0,3388.6860854584193
PANTON HILL,3759.0,WATSONS CREEK,3097.0,3595.6747492560066
PANTON HILL,3759.0,SMITHS GULLY,3760.0,4985.444937000503
PANTON HILL,3759.0,COTTLES BRIDGE,3099.0,5624.888231134202
PRINCES HILL,3054.0,CARLTON NORTH,3054.0,768.5745174790675
PRINCES HILL,3054.0,PARKVILLE,3052.0,2043.785134926305
PRINCES HILL,3054.0,FITZROY NORTH,3068.0,2135.5137751686034
BUNDOORA,3083.0,MACLEOD,3085.0,2882.7590962366617
BUNDOORA,3083.0,WATSONIA,3087.0,3055.061260170563
BUNDOORA,3083.0,KINGSBURY,3083.0,3116.487800236635
WATTLE GLEN,3096.0,DIAMOND CREEK,3089.0,3888.453518953108
WATTLE GLEN,3096.0,HURSTBRIDGE,3099.0,4661.087999587466
WATTLE GLEN,3096.0,RESEARCH,3095.0,5009.203360841082
WATSONS CREEK,3097.0,PANTON HILL,3759.0,3595.6747492560066
WATSONS CREEK,3097.0,KANGAROO GROUND,3097.0,5100.483960784122
WATSONS CREEK,3097.0,CHRISTMAS HILLS,3775.0,5176.042005379906
RESEARCH,3095.0,NORTH WARRANDYTE,3113.0,3820.188518777854
RESEARCH,3095.0,ELTHAM,3095.0,4185.746725880531
RESEARCH,3095.0,KANGAROO GROUND,3097.0,4957.298843775329
SEAHOLME,3018.0,WILLIAMSTOWN NORTH,3016.0,3116.0504806442596
SEAHOLME,3018.0,ALTONA,3018.0,3270.1066766160475
SEAHOLME,3018.0,ALTONA NORTH,3025.0,3971.304472027052
ALTONA,3018.0,SEAHOLME,3018.0,3270.1066766160475
ALTONA,3018.0,ALTONA NORTH,3025.0,3978.24017235385
ALTONA,3018.0,ALTONA MEADOWS,3028.0,4352.767975451553
WILLIAMSTOWN,3016.0,NEWPORT,3015.0,2416.130889174217
WILLIAMSTOWN,3016.0,WILLIAMSTOWN NORTH,3016.0,2476.451385478483
WILLIAMSTOWN,3016.0,SPOTSWOOD,3015.0,4488.360880760473
MONT ALBERT NORTH,3129.0,BOX HILL NORTH,3129.0,2061.7766596500237
MONT ALBERT NORTH,3129.0,MONT ALBERT,3127.0,2299.576039623461
MONT ALBERT NORTH,3129.0,BALWYN,3103.0,2812.652086582733
BLACK ROCK,3193.0,BEAUMARIS,3193.0,2103.322154113336
BLACK ROCK,3193.0,SANDRINGHAM,3191.0,3257.665854952628
BLACK ROCK,3193.0,HIGHETT,3190.0,3626.420164890469
MILL PARK,3082.0,SOUTH MORANG,3752.0,4542.158495969594
MILL PARK,3082.0,WATSONIA NORTH,3087.0,5128.805986233698
MILL PARK,3082.0,BUNDOORA,3083.0,5484.991103709473
GREENSBOROUGH,3088.0,BRIAR HILL,3088.0,1742.2219642002144
GREENSBOROUGH,3088.0,ST HELENA,3088.0,2010.8089177385934
GREENSBOROUGH,3088.0,WATSONIA NORTH,3087.0,2692.668066193844
DANDENONG,3175.0,DOVETON,3177.0,3014.7425301830517
DANDENONG,8785.0,DOVETON,3177.0,3014.7425301830517
DANDENONG,3175.0,DANDENONG NORTH,3175.0,4326.208110890892
DANDENONG,8785.0,DANDENONG NORTH,3175.0,4326.208110890892
DANDENONG,3175.0,EUMEMMERRING,3177.0,4345.688775233473
DANDENONG,8785.0,EUMEMMERRING,3177.0,4345.688775233473
KEALBA,3021.0,ST ALBANS,3021.0,2360.7241298384583
KEALBA,3021.0,KEILOR EAST,3033.0,3110.461448358026
KEALBA,3021.0,SUNSHINE NORTH,3020.0,3554.513527212063
ST ALBANS,3021.0,KEALBA,3021.0,2360.7241298384583
ST ALBANS,3021.0,CAIRNLEA,3023.0,3186.6667894392713
ST ALBANS,3021.0,SUNSHINE NORTH,3020.0,3493.038624995016
CAIRNLEA,3023.0,DEER PARK,3023.0,2498.382505924647
CAIRNLEA,3023.0,ALBANVALE,3021.0,2664.668732630289
CAIRNLEA,3023.0,ARDEER,3022.0,2854.1739963912005
JACANA,3047.0,GLADSTONE PARK,3043.0,1815.4025282115501
JACANA,3047.0,BROADMEADOWS,3047.0,2312.3095362922804
JACANA,3047.0,GOWANBRAE,3043.0,2426.8127629719693
STRATHMORE HEIGHTS,3041.0,ESSENDON FIELDS,3041.0,1425.2351632903124
STRATHMORE HEIGHTS,3041.0,GOWANBRAE,3043.0,1736.8773950677685
STRATHMORE HEIGHTS,3041.0,OAK PARK,3046.0,2332.4684856426093
DANDENONG NORTH,3175.0,NOBLE PARK NORTH,3174.0,3170.2787106311553
DANDENONG NORTH,3175.0,DANDENONG,3175.0,4326.208110890892
DANDENONG NORTH,3175.0,DANDENONG,8785.0,4326.208110890892
DANDENONG NORTH,3175.0,NOBLE PARK,3174.0,4440.1504551370945
LYSTERFIELD SOUTH,3156.0,ENDEAVOUR HILLS,3802.0,2494.575939581665
LYSTERFIELD SOUTH,3156.0,LYSTERFIELD,3156.0,4277.839671933407
LYSTERFIELD SOUTH,3156.0,ROWVILLE,3178.0,5098.153417421213
TOOLERN VALE,3337.0,DIGGERS REST,3427.0,11107.425335424305
TOOLERN VALE,3337.0,MELTON,3337.0,11685.258100871995
TOOLERN VALE,3337.0,PLUMPTON,3037.0,15498.948404725696
TOOLERN VALE,3337.0,PLUMPTON,3335.0,15498.948404725696
TOOLERN VALE,3337.0,PLUMPTON,3427.0,15498.948404725696
WILLIAMSTOWN NORTH,3016.0,NEWPORT,3015.0,1638.127121958807
WILLIAMSTOWN NORTH,3016.0,WILLIAMSTOWN,3016.0,2476.451385478483
WILLIAMSTOWN NORTH,3016.0,SEAHOLME,3018.0,3116.0504806442596
SOUTH KINGSVILLE,3015.0,SPOTSWOOD,3015.0,1765.2907152891519
SOUTH KINGSVILLE,3015.0,YARRAVILLE,3013.0,2107.237860168484
SOUTH KINGSVILLE,3015.0,NEWPORT,3015.0,2465.665761015075
KEW,3101.0,KEW EAST,3102.0,2006.0220289640138
KEW,3101.0,DEEPDENE,3103.0,3105.3228448476657
KEW,3101.0,ALPHINGTON,3078.0,3499.5293745412923
TULLAMARINE,3043.0,GOWANBRAE,3043.0,2089.9871982611385
TULLAMARINE,3043.0,GLADSTONE PARK,3043.0,2312.165004647891
TULLAMARINE,3043.0,STRATHMORE HEIGHTS,3041.0,2718.4226494081186
WOODSTOCK,3751.0,MERNDA,3754.0,7354.380288265849
WOODSTOCK,3751.0,DONNYBROOK,3064.0,7389.077839557755
WOODSTOCK,3751.0,WOLLERT,3750.0,7938.135303950424
YAN YEAN,3755.0,DOREEN,3754.0,6737.498686710112
YAN YEAN,3755.0,MERNDA,3754.0,7810.4461861586315
YAN YEAN,3755.0,HUMEVALE,3757.0,8058.906845748317
ARTHURS CREEK,3099.0,NUTFIELD,3099.0,5142.306551351305
ARTHURS CREEK,3099.0,COTTLES BRIDGE,3099.0,5736.911609028629
ARTHURS CREEK,3099.0,DOREEN,3754.0,8337.570708478457
KEILOR LODGE,3038.0,TAYLORS LAKES,3038.0,1877.9766063347458
KEILOR LODGE,3038.0,KEILOR NORTH,3036.0,2444.216233333674
KEILOR LODGE,3038.0,KEILOR DOWNS,3038.0,3275.061679050469
KEILOR DOWNS,3038.0,KEILOR,3036.0,2959.2273830313075
KEILOR DOWNS,3038.0,DELAHEY,3037.0,3051.33322293638
KEILOR DOWNS,3038.0,KEILOR LODGE,3038.0,3275.061679050469
KINGSBURY,3083.0,BUNDOORA,3083.0,3116.487800236635
KINGSBURY,3083.0,HEIDELBERG WEST,3081.0,3190.138752216171
KINGSBURY,3083.0,RESERVOIR,3073.0,3654.4020207407725
TAYLORS LAKES,3038.0,KEILOR LODGE,3038.0,1877.9766063347458
TAYLORS LAKES,3038.0,SYDENHAM,3037.0,2138.885415633226
TAYLORS LAKES,3038.0,KEILOR NORTH,3036.0,2458.5675168585003
PRAHRAN,3181.0,WINDSOR,3181.0,1503.8857273671977
PRAHRAN,3181.0,ARMADALE,3143.0,1635.9283631638239
PRAHRAN,3181.0,TOORAK,3142.0,2127.310035871616
SOUTHBANK,3006.0,SOUTH WHARF,3006.0,1244.295983849837
SOUTHBANK,3006.0,SOUTH MELBOURNE,3205.0,1253.7248718854519
SOUTHBANK,3006.0,MELBOURNE,3000.0,1838.6761382444327
SOUTHBANK,3006.0,MELBOURNE,3001.0,1838.6761382444327
SOUTHBANK,3006.0,MELBOURNE,3004.0,1838.6761382444327
SOUTHBANK,3006.0,MELBOURNE,8001.0,1838.6761382444327
SOUTHBANK,3006.0,MELBOURNE,8045.0,1838.6761382444327
SOUTHBANK,3006.0,MELBOURNE,8051.0,1838.6761382444327
SOUTHBANK,3006.0,MELBOURNE,8066.0,1838.6761382444327
SOUTHBANK,3006.0,MELBOURNE,8069.0,1838.6761382444327
SOUTHBANK,3006.0,MELBOURNE,8070.0,1838.6761382444327
SOUTHBANK,3006.0,MELBOURNE,8071.0,1838.6761382444327
SOUTHBANK,3006.0,MELBOURNE,8102.0,1838.6761382444327
SOUTHBANK,3006.0,MELBOURNE,8107.0,1838.6761382444327
SOUTHBANK,3006.0,MELBOURNE,8111.0,1838.6761382444327
SOUTHBANK,3006.0,MELBOURNE,8120.0,1838.6761382444327
SOUTHBANK,3006.0,MELBOURNE,8205.0,1838.6761382444327
SOUTHBANK,3006.0,MELBOURNE,8383.0,1838.6761382444327
SOUTH WHARF,3006.0,SOUTHBANK,3006.0,1244.295983849837
SOUTH WHARF,3006.0,DOCKLANDS,3008.0,1400.3400057729089
SOUTH WHARF,3006.0,DOCKLANDS,8012.0,1400.3400057729089
SOUTH WHARF,3006.0,SOUTH MELBOURNE,3205.0,1527.8510546639623
ARMADALE,3143.0,PRAHRAN,3181.0,1635.9283631638239
ARMADALE,3143.0,MALVERN,3144.0,1703.8164459552258
ARMADALE,3143.0,CAULFIELD NORTH,3161.0,1854.0044176208298
ST KILDA EAST,3183.0,BALACLAVA,3183.0,1124.597816682163
ST KILDA EAST,3183.0,RIPPONLEA,3185.0,1724.306055952673
ST KILDA EAST,3183.0,CAULFIELD NORTH,3161.0,1972.6111432219802
TYNONG NORTH,3813.0,MARYKNOLL,3812.0,4068.532404761931
TYNONG NORTH,3813.0,NAR NAR GOON NORTH,3812.0,8243.058771241731
TYNONG NORTH,3813.0,GEMBROOK,3783.0,12486.99164546335
GUYS HILL,3807.0,BEACONSFIELD,3807.0,3850.275330972533
GUYS HILL,3807.0,BEACONSFIELD UPPER,3808.0,4234.776061240407
GUYS HILL,3807.0,HARKAWAY,3806.0,5072.149763538257
OFFICER,3809.0,BEACONSFIELD,3807.0,3685.9479658172154
OFFICER,3809.0,GUYS HILL,3807.0,5354.9031076990805
OFFICER,3809.0,BEACONSFIELD UPPER,3808.0,7274.628804968979
BEACONSFIELD,3807.0,OFFICER,3809.0,3685.9479658172154
BEACONSFIELD,3807.0,GUYS HILL,3807.0,3850.275330972533
BEACONSFIELD,3807.0,BERWICK,3806.0,4093.1427631325405
CLYDE NORTH,3978.0,CRANBOURNE EAST,3977.0,6479.853958418522
CLYDE NORTH,3978.0,OFFICER SOUTH,3809.0,7163.063133004042
CLYDE NORTH,3978.0,CRANBOURNE NORTH,3977.0,7577.867827676859
VERMONT,3133.0,VERMONT SOUTH,3133.0,2688.457016142859
VERMONT,3133.0,MITCHAM,3132.0,3187.8120585279835
VERMONT,3133.0,FOREST HILL,3131.0,3210.5661215780588
CAULFIELD NORTH,3161.0,ARMADALE,3143.0,1854.0044176208298
CAULFIELD NORTH,3161.0,ST KILDA EAST,3183.0,1972.6111432219802
CAULFIELD NORTH,3161.0,CAULFIELD,3162.0,2042.656987064175
ELWOOD,3184.0,RIPPONLEA,3185.0,1188.613913352669
ELWOOD,3184.0,BALACLAVA,3183.0,1800.801924916343
ELWOOD,3184.0,ST KILDA,3182.0,2415.895571149087
RIPPONLEA,3185.0,BALACLAVA,3183.0,1064.385524267834
RIPPONLEA,3185.0,ELWOOD,3184.0,1188.613913352669
RIPPONLEA,3185.0,ST KILDA EAST,3183.0,1724.306055952673
CARDINIA,3978.0,RYTHDALE,3810.0,4298.331491759818
CARDINIA,3978.0,OFFICER SOUTH,3809.0,5878.8736416335305
CARDINIA,3978.0,DALMORE,3981.0,6051.508558157821
PAKENHAM SOUTH,3810.0,KOO WEE RUP NORTH,3981.0,3901.5303300176133
PAKENHAM SOUTH,3810.0,RYTHDALE,3810.0,4563.941748382209
PAKENHAM SOUTH,3810.0,KOO WEE RUP,3981.0,6996.2258438302
ROXBURGH PARK,3064.0,SOMERTON,3062.0,2598.0647775431135
ROXBURGH PARK,3064.0,MEADOW HEIGHTS,3048.0,3668.5541723217025
ROXBURGH PARK,3064.0,COOLAROO,3048.0,4060.109266328254
EPPING,3076.0,LALOR,3075.0,4039.6520512883408
EPPING,3076.0,MILL PARK,3082.0,6332.976977563433
EPPING,3076.0,THOMASTOWN,3074.0,6392.050188433645
KNOXFIELD,3180.0,FERNTREE GULLY,3156.0,3557.1016866717255
KNOXFIELD,3180.0,WANTIRNA SOUTH,3152.0,3800.3155338900315
KNOXFIELD,3180.0,SCORESBY,3179.0,4019.7018779269874
WILDWOOD,3429.0,OAKLANDS JUNCTION,3063.0,4046.3617701059466
WILDWOOD,3429.0,YUROKE,3063.0,6990.864425343394
WILDWOOD,3429.0,BULLA,3428.0,9148.361516446137
OAKLANDS JUNCTION,3063.0,YUROKE,3063.0,3033.497599183091
OAKLANDS JUNCTION,3063.0,WILDWOOD,3429.0,4046.3617701059466
OAKLANDS JUNCTION,3063.0,BULLA,3428.0,8036.317684602429
CRAIGIEBURN,3064.0,MICKLEHAM,3064.0,5754.108850371179
CRAIGIEBURN,3064.0,ROXBURGH PARK,3064.0,6236.737636525599
CRAIGIEBURN,3064.0,YUROKE,3063.0,7259.681395167836
MEADOW HEIGHTS,3048.0,COOLAROO,3048.0,1830.0557679391625
MEADOW HEIGHTS,3048.0,DALLAS,3047.0,3227.04092349355
MEADOW HEIGHTS,3048.0,ROXBURGH PARK,3064.0,3668.5541723217025
KEILOR NORTH,3036.0,KEILOR LODGE,3038.0,2444.216233333674
KEILOR NORTH,3036.0,TAYLORS LAKES,3038.0,2458.5675168585003
KEILOR NORTH,3036.0,CALDER PARK,3037.0,3529.1561215517804
DALLAS,3047.0,BROADMEADOWS,3047.0,1550.7318102289505
DALLAS,3047.0,COOLAROO,3048.0,2274.858853899202
DALLAS,3047.0,CAMPBELLFIELD,3061.0,2841.1925742462895
KEILOR,3036.0,KEILOR DOWNS,3038.0,2959.2273830313075
KEILOR,3036.0,KEILOR PARK,3042.0,3047.9568502689476
KEILOR,3036.0,KEILOR LODGE,3038.0,3475.839491183893
BULLA,3428.0,KEILOR NORTH,3036.0,7296.29187928335
BULLA,3428.0,MELBOURNE AIRPORT,3045.0,7370.966308820191
BULLA,3428.0,GREENVALE,3059.0,7823.973485901707
GREENVALE,3059.0,ATTWOOD,3049.0,4637.208815097564
GREENVALE,3059.0,MEADOW HEIGHTS,3048.0,5643.536915549623
GREENVALE,3059.0,WESTMEADOWS,3049.0,6017.900179068984
HILLSIDE (GREATER MELBOURNE),,SYDENHAM,3037.0,2537.6720940828177
HILLSIDE (GREATER MELBOURNE),,CALDER PARK,3037.0,3179.680941981229
HILLSIDE (GREATER MELBOURNE),,TAYLORS HILL,3037.0,3608.59034608584
SOMERTON,3062.0,ROXBURGH PARK,3064.0,2598.0647775431135
SOMERTON,3062.0,COOLAROO,3048.0,3113.6203873847553
SOMERTON,3062.0,MEADOW HEIGHTS,3048.0,3984.2047256880232
COOLAROO,3048.0,MEADOW HEIGHTS,3048.0,1830.0557679391625
COOLAROO,3048.0,DALLAS,3047.0,2274.858853899202
COOLAROO,3048.0,SOMERTON,3062.0,3113.6203873847553
SYDENHAM,3037.0,TAYLORS LAKES,3038.0,2138.885415633226
SYDENHAM,3037.0,HILLSIDE (GREATER MELBOURNE),,2537.6720940828177
SYDENHAM,3037.0,TAYLORS HILL,3037.0,2849.9318255697094
FRASER RISE,3336.0,HILLSIDE (GREATER MELBOURNE),,3759.185542493146
FRASER RISE,3336.0,BONNIE BROOK,3335.0,3920.3594158709866
FRASER RISE,3336.0,DEANSIDE,3336.0,4059.0928670726666
RYTHDALE,3810.0,CARDINIA,3978.0,4298.331491759818
RYTHDALE,3810.0,PAKENHAM SOUTH,3810.0,4563.941748382209
RYTHDALE,3810.0,OFFICER SOUTH,3809.0,6686.195965077363
KOO WEE RUP NORTH,3981.0,PAKENHAM SOUTH,3810.0,3901.5303300176133
KOO WEE RUP NORTH,3981.0,BAYLES,3981.0,6418.791388313182
KOO WEE RUP NORTH,3981.0,NAR NAR GOON,3812.0,6496.148776061534
KOO WEE RUP,3981.0,MONOMEITH,3984.0,4959.46917031469
KOO WEE RUP,3981.0,PAKENHAM SOUTH,3810.0,6996.2258438302
KOO WEE RUP,3981.0,KOO WEE RUP NORTH,3981.0,7287.478269146219
BROADMEADOWS,3047.0,DALLAS,3047.0,1550.7318102289505
BROADMEADOWS,3047.0,JACANA,3047.0,2312.3095362922804
BROADMEADOWS,3047.0,COOLAROO,3048.0,3631.7750163259448
CAROLINE SPRINGS,3023.0,BURNSIDE HEIGHTS,3023.0,1985.5529678155892
CAROLINE SPRINGS,3023.0,TAYLORS HILL,3037.0,2854.4350204576913
CAROLINE SPRINGS,3023.0,BURNSIDE,3023.0,2941.7479260740824
MARYKNOLL,3812.0,TYNONG NORTH,3813.0,4068.532404761931
MARYKNOLL,3812.0,NAR NAR GOON NORTH,3812.0,4318.363835950161
MARYKNOLL,3812.0,PAKENHAM UPPER,3810.0,10906.265706131166
TAYLORS HILL,3037.0,BURNSIDE HEIGHTS,3023.0,2566.820723549291
TAYLORS HILL,3037.0,DELAHEY,3037.0,2684.237253848558
TAYLORS HILL,3037.0,SYDENHAM,3037.0,2849.9318255697094
FIELDSTONE,3024.0,ROCKBANK,3335.0,3169.9241262461373
FIELDSTONE,3024.0,THORNHILL PARK,3335.0,4163.453053656617
FIELDSTONE,3024.0,AINTREE,3336.0,5192.518716574737
DANDENONG SOUTH,3164.0,LYNDHURST,3975.0,5050.214096747747
DANDENONG SOUTH,3175.0,LYNDHURST,3975.0,5050.214096747747
DANDENONG SOUTH,8785.0,LYNDHURST,3975.0,5050.214096747747
DANDENONG SOUTH,3164.0,BANGHOLME,3175.0,5054.489666782312
DANDENONG SOUTH,3175.0,BANGHOLME,3175.0,5054.489666782312
DANDENONG SOUTH,8785.0,BANGHOLME,3175.0,5054.489666782312
DANDENONG SOUTH,3164.0,LYNBROOK,3975.0,5624.965172274511
DANDENONG SOUTH,3175.0,LYNBROOK,3975.0,5624.965172274511
DANDENONG SOUTH,8785.0,LYNBROOK,3975.0,5624.965172274511
DEER PARK,3023.0,CAIRNLEA,3023.0,2498.382505924647
DEER PARK,3023.0,ALBANVALE,3021.0,2982.0279925741174
DEER PARK,3023.0,BURNSIDE,3023.0,3026.540050980781
RAVENHALL,3023.0,DEER PARK,3023.0,3308.5841486654954
RAVENHALL,3023.0,BURNSIDE,3023.0,3401.9855297997588
RAVENHALL,3023.0,ALBANVALE,3021.0,5114.0134698810625
BURNSIDE HEIGHTS,3023.0,KINGS PARK,3021.0,1770.784627906026
BURNSIDE HEIGHTS,3023.0,CAROLINE SPRINGS,3023.0,1985.5529678155892
BURNSIDE HEIGHTS,3023.0,ALBANVALE,3021.0,2330.207987318317
DALMORE,3981.0,TOORADIN,3980.0,3938.766243710953
DALMORE,3981.0,CARDINIA,3978.0,6051.508558157821
DALMORE,3981.0,CLYDE,3978.0,8214.227251713944
SPRINGVALE,3171.0,NOBLE PARK NORTH,3174.0,2840.840853529058
SPRINGVALE,3171.0,MULGRAVE,3170.0,3185.2642517116747
SPRINGVALE,3171.0,NOBLE PARK,3174.0,3517.2425250716637
MELBOURNE,3000.0,CREMORNE,3121.0,1443.3458826166786
MELBOURNE,3001.0,CREMORNE,3121.0,1443.3458826166786
MELBOURNE,3004.0,CREMORNE,3121.0,1443.3458826166786
MELBOURNE,8001.0,CREMORNE,3121.0,1443.3458826166786
MELBOURNE,8045.0,CREMORNE,3121.0,1443.3458826166786
MELBOURNE,8051.0,CREMORNE,3121.0,1443.3458826166786
MELBOURNE,8066.0,CREMORNE,3121.0,1443.3458826166786
MELBOURNE,8069.0,CREMORNE,3121.0,1443.3458826166786
MELBOURNE,8070.0,CREMORNE,3121.0,1443.3458826166786
MELBOURNE,8071.0,CREMORNE,3121.0,1443.3458826166786
MELBOURNE,8102.0,CREMORNE,3121.0,1443.3458826166786
MELBOURNE,8107.0,CREMORNE,3121.0,1443.3458826166786
MELBOURNE,8111.0,CREMORNE,3121.0,1443.3458826166786
MELBOURNE,8120.0,CREMORNE,3121.0,1443.3458826166786
MELBOURNE,8205.0,CREMORNE,3121.0,1443.3458826166786
MELBOURNE,8383.0,CREMORNE,3121.0,1443.3458826166786
MELBOURNE,3000.0,EAST MELBOURNE,3002.0,1704.1513130829887
MELBOURNE,3000.0,EAST MELBOURNE,8002.0,1704.1513130829887
MELBOURNE,3001.0,EAST MELBOURNE,3002.0,1704.1513130829887
MELBOURNE,3001.0,EAST MELBOURNE,8002.0,1704.1513130829887
MELBOURNE,3004.0,EAST MELBOURNE,3002.0,1704.1513130829887
MELBOURNE,3004.0,EAST MELBOURNE,8002.0,1704.1513130829887
MELBOURNE,8001.0,EAST MELBOURNE,3002.0,1704.1513130829887
MELBOURNE,8001.0,EAST MELBOURNE,8002.0,1704.1513130829887
MELBOURNE,8045.0,EAST MELBOURNE,3002.0,1704.1513130829887
MELBOURNE,8045.0,EAST MELBOURNE,8002.0,1704.1513130829887
MELBOURNE,8051.0,EAST MELBOURNE,3002.0,1704.1513130829887
MELBOURNE,8051.0,EAST MELBOURNE,8002.0,1704.1513130829887
MELBOURNE,8066.0,EAST MELBOURNE,3002.0,1704.1513130829887
MELBOURNE,8066.0,EAST MELBOURNE,8002.0,1704.1513130829887
MELBOURNE,8069.0,EAST MELBOURNE,3002.0,1704.1513130829887
MELBOURNE,8069.0,EAST MELBOURNE,8002.0,1704.1513130829887
MELBOURNE,8070.0,EAST MELBOURNE,3002.0,1704.1513130829887
MELBOURNE,8070.0,EAST MELBOURNE,8002.0,1704.1513130829887
MELBOURNE,8071.0,EAST MELBOURNE,3002.0,1704.1513130829887
MELBOURNE,8071.0,EAST MELBOURNE,8002.0,1704.1513130829887
MELBOURNE,8102.0,EAST MELBOURNE,3002.0,1704.1513130829887
MELBOURNE,8102.0,EAST MELBOURNE,8002.0,1704.1513130829887
MELBOURNE,8107.0,EAST MELBOURNE,3002.0,1704.1513130829887
MELBOURNE,8107.0,EAST MELBOURNE,8002.0,1704.1513130829887
MELBOURNE,8111.0,EAST MELBOURNE,3002.0,1704.1513130829887
MELBOURNE,8111.0,EAST MELBOURNE,8002.0,1704.1513130829887
MELBOURNE,8120.0,EAST MELBOURNE,3002.0,1704.1513130829887
MELBOURNE,8120.0,EAST MELBOURNE,8002.0,1704.1513130829887
MELBOURNE,8205.0,EAST MELBOURNE,3002.0,1704.1513130829887
MELBOURNE,8205.0,EAST MELBOURNE,8002.0,1704.1513130829887
MELBOURNE,8383.0,EAST MELBOURNE,3002.0,1704.1513130829887
MELBOURNE,8383.0,EAST MELBOURNE,8002.0,1704.1513130829887
MELBOURNE,3000.0,SOUTHBANK,3006.0,1838.6761382444327
MELBOURNE,3001.0,SOUTHBANK,3006.0,1838.6761382444327
MELBOURNE,3004.0,SOUTHBANK,3006.0,1838.6761382444327
MELBOURNE,8001.0,SOUTHBANK,3006.0,1838.6761382444327
MELBOURNE,8045.0,SOUTHBANK,3006.0,1838.6761382444327
MELBOURNE,8051.0,SOUTHBANK,3006.0,1838.6761382444327
MELBOURNE,8066.0,SOUTHBANK,3006.0,1838.6761382444327
MELBOURNE,8069.0,SOUTHBANK,3006.0,1838.6761382444327
MELBOURNE,8070.0,SOUTHBANK,3006.0,1838.6761382444327
MELBOURNE,8071.0,SOUTHBANK,3006.0,1838.6761382444327
MELBOURNE,8102.0,SOUTHBANK,3006.0,1838.6761382444327
MELBOURNE,8107.0,SOUTHBANK,3006.0,1838.6761382444327
MELBOURNE,8111.0,SOUTHBANK,3006.0,1838.6761382444327
MELBOURNE,8120.0,SOUTHBANK,3006.0,1838.6761382444327
MELBOURNE,8205.0,SOUTHBANK,3006.0,1838.6761382444327
MELBOURNE,8383.0,SOUTHBANK,3006.0,1838.6761382444327
NOBLE PARK NORTH,3174.0,NOBLE PARK,3174.0,2270.322057698366
NOBLE PARK NORTH,3174.0,SPRINGVALE,3171.0,2840.840853529058
NOBLE PARK NORTH,3174.0,DANDENONG NORTH,3175.0,3170.2787106311553
BROOKLYN,3012.0,TOTTENHAM,3012.0,1795.173750291682
BROOKLYN,3012.0,SUNSHINE,3020.0,3507.7626550789623
BROOKLYN,3012.0,ALTONA NORTH,3025.0,3577.1090146922475
WYNDHAM VALE,3024.0,MANOR LAKES,3024.0,3279.9300169988487
WYNDHAM VALE,3024.0,TARNEIT,3029.0,6510.186786922373
WYNDHAM VALE,3024.0,WERRIBEE,3030.0,7821.096122236776
NOBLE PARK,3174.0,NOBLE PARK NORTH,3174.0,2270.322057698366
NOBLE PARK,3174.0,SPRINGVALE SOUTH,3172.0,3333.8982778470154
NOBLE PARK,3174.0,SPRINGVALE,3171.0,3517.2425250716637
ASPENDALE GARDENS,3195.0,WATERWAYS,3195.0,1301.7767217727674
ASPENDALE GARDENS,3195.0,EDITHVALE,3196.0,2210.8564128336598
ASPENDALE GARDENS,3195.0,ASPENDALE,3195.0,2219.8377834569787
SPRINGVALE SOUTH,3172.0,DINGLEY VILLAGE,3172.0,2626.5874787317402
SPRINGVALE SOUTH,3172.0,NOBLE PARK,3174.0,3333.8982778470154
SPRINGVALE SOUTH,3172.0,SPRINGVALE,3171.0,4257.347146507874
NUNAWADING,3131.0,MITCHAM,3132.0,2601.431770434635
NUNAWADING,3131.0,BLACKBURN NORTH,3130.0,2868.9572335609387
NUNAWADING,3131.0,BLACKBURN,3130.0,2897.5623484563944
KEYSBOROUGH,3173.0,WATERWAYS,3195.0,4302.733715678576
KEYSBOROUGH,3173.0,BRAESIDE,3195.0,4813.261209561918
KEYSBOROUGH,3173.0,SPRINGVALE SOUTH,3172.0,5287.13043192746
VERMONT SOUTH,3133.0,FOREST HILL,3131.0,2660.3154598123006
VERMONT SOUTH,3133.0,VERMONT,3133.0,2688.457016142859
VERMONT SOUTH,3133.0,WANTIRNA,3152.0,4168.120982265853
BRAESIDE,3195.0,WATERWAYS,3195.0,2046.882512207867
BRAESIDE,3195.0,MORDIALLOC,3195.0,2834.216515076974
BRAESIDE,3195.0,ASPENDALE GARDENS,3195.0,3035.094502258225
HAMPTON PARK,3976.0,LYNBROOK,3975.0,2217.425764029928
HAMPTON PARK,3976.0,NARRE WARREN SOUTH,3805.0,3763.6117911177203
HAMPTON PARK,3976.0,NARRE WARREN,3805.0,4691.211524340429
HALLAM,3803.0,EUMEMMERRING,3177.0,2572.150342183664
HALLAM,3803.0,NARRE WARREN,3805.0,4085.365580014064
HALLAM,3803.0,DOVETON,3177.0,4457.94291007895
WATERWAYS,3195.0,ASPENDALE GARDENS,3195.0,1301.7767217727674
WATERWAYS,3195.0,BRAESIDE,3195.0,2046.882512207867
WATERWAYS,3195.0,ASPENDALE,3195.0,3062.5263497250608
FITZROY NORTH,3068.0,CLIFTON HILL,3068.0,1665.4109266517705
FITZROY NORTH,3068.0,CARLTON NORTH,3054.0,2057.957574570288
FITZROY NORTH,3068.0,PRINCES HILL,3054.0,2135.5137751686034
BALWYN,3103.0,CANTERBURY,3126.0,2328.3449329819205
BALWYN,3103.0,DEEPDENE,3103.0,2364.610207615138
BALWYN,3103.0,MONT ALBERT,3127.0,2613.2633345938893
MOUNT WAVERLEY,3149.0,CHADSTONE,3148.0,3274.041314779664
MOUNT WAVERLEY,3149.0,ASHWOOD,3147.0,3414.9492953373456
MOUNT WAVERLEY,3149.0,OAKLEIGH EAST,3166.0,3907.4452459049676
MORNINGTON,3931.0,MOUNT ELIZA,3930.0,6134.8897580182775
MORNINGTON,3931.0,MOOROODUC,3933.0,6646.595075751127
MORNINGTON,3931.0,MOUNT MARTHA,3934.0,7263.058044779482
MOOROODUC,3933.0,MORNINGTON,3931.0,6646.595075751127
MOOROODUC,3933.0,MOUNT ELIZA,3930.0,7691.453486943027
MOOROODUC,3933.0,TUERONG,3915.0,7870.737753095181
EAST MELBOURNE,3002.0,MELBOURNE,3000.0,1704.1513130829887
EAST MELBOURNE,3002.0,MELBOURNE,3001.0,1704.1513130829887
EAST MELBOURNE,3002.0,MELBOURNE,3004.0,1704.1513130829887
EAST MELBOURNE,3002.0,MELBOURNE,8001.0,1704.1513130829887
EAST MELBOURNE,3002.0,MELBOURNE,8045.0,1704.1513130829887
EAST MELBOURNE,3002.0,MELBOURNE,8051.0,1704.1513130829887
EAST MELBOURNE,3002.0,MELBOURNE,8066.0,1704.1513130829887
EAST MELBOURNE,3002.0,MELBOURNE,8069.0,1704.1513130829887
EAST MELBOURNE,3002.0,MELBOURNE,8070.0,1704.1513130829887
EAST MELBOURNE,3002.0,MELBOURNE,8071.0,1704.1513130829887
EAST MELBOURNE,3002.0,MELBOURNE,8102.0,1704.1513130829887
EAST MELBOURNE,3002.0,MELBOURNE,8107.0,1704.1513130829887
EAST MELBOURNE,3002.0,MELBOURNE,8111.0,1704.1513130829887
EAST MELBOURNE,3002.0,MELBOURNE,8120.0,1704.1513130829887
EAST MELBOURNE,3002.0,MELBOURNE,8205.0,1704.1513130829887
EAST MELBOURNE,3002.0,MELBOURNE,8383.0,1704.1513130829887
EAST MELBOURNE,8002.0,MELBOURNE,3000.0,1704.1513130829887
EAST MELBOURNE,8002.0,MELBOURNE,3001.0,1704.1513130829887
EAST MELBOURNE,8002.0,MELBOURNE,3004.0,1704.1513130829887
EAST MELBOURNE,8002.0,MELBOURNE,8001.0,1704.1513130829887
EAST MELBOURNE,8002.0,MELBOURNE,8045.0,1704.1513130829887
EAST MELBOURNE,8002.0,MELBOURNE,8051.0,1704.1513130829887
EAST MELBOURNE,8002.0,MELBOURNE,8066.0,1704.1513130829887
EAST MELBOURNE,8002.0,MELBOURNE,8069.0,1704.1513130829887
EAST MELBOURNE,8002.0,MELBOURNE,8070.0,1704.1513130829887
EAST MELBOURNE,8002.0,MELBOURNE,8071.0,1704.1513130829887
EAST MELBOURNE,8002.0,MELBOURNE,8102.0,1704.1513130829887
EAST MELBOURNE,8002.0,MELBOURNE,8107.0,1704.1513130829887
EAST MELBOURNE,8002.0,MELBOURNE,8111.0,1704.1513130829887
EAST MELBOURNE,8002.0,MELBOURNE,8120.0,1704.1513130829887
EAST MELBOURNE,8002.0,MELBOURNE,8205.0,1704.1513130829887
EAST MELBOURNE,8002.0,MELBOURNE,8383.0,1704.1513130829887
EAST MELBOURNE,3002.0,COLLINGWOOD,3066.0,2129.6727442696338
EAST MELBOURNE,8002.0,COLLINGWOOD,3066.0,2129.6727442696338
EAST MELBOURNE,3002.0,FITZROY,3065.0,2213.8149360299
EAST MELBOURNE,8002.0,FITZROY,3065.0,2213.8149360299
BAYLES,3981.0,KOO WEE RUP NORTH,3981.0,6418.791388313182
BAYLES,3981.0,CORA LYNN,3814.0,6501.706439607055
BAYLES,3981.0,MONOMEITH,3984.0,7355.35614676635
BRUNSWICK EAST,3057.0,BRUNSWICK,3056.0,1920.761396273588
BRUNSWICK EAST,3057.0,FITZROY NORTH,3068.0,2272.950405018747
BRUNSWICK EAST,3057.0,PRINCES HILL,3054.0,2278.0482204228497
ASHWOOD,3147.0,CHADSTONE,3148.0,2449.436142571182
ASHWOOD,3147.0,BURWOOD,3125.0,2680.3328598034595
ASHWOOD,3147.0,ASHBURTON,3147.0,2724.296363767303
TYABB,3913.0,HASTINGS,3915.0,4511.996038379421
TYABB,3913.0,SOMERVILLE,3912.0,5375.450732779786
TYABB,3913.0,MOOROODUC,3933.0,8712.764971215396
ST ANDREWS BEACH,3941.0,FINGAL,3939.0,3151.9384323898526
ST ANDREWS BEACH,3941.0,RYE,3941.0,5090.732543807434
ST ANDREWS BEACH,3941.0,TOOTGAROOK,3941.0,6343.383026656304
OAKLEIGH EAST,3166.0,HUNTINGDALE,3166.0,1082.5616658739573
OAKLEIGH EAST,3166.0,CLAYTON,3168.0,2132.365436060648
OAKLEIGH EAST,3166.0,NOTTING HILL,3168.0,2621.133065757311
HUNTINGDALE,3166.0,OAKLEIGH EAST,3166.0,1082.5616658739573
HUNTINGDALE,3166.0,OAKLEIGH,3166.0,1963.5276290596362
HUNTINGDALE,3166.0,CLAYTON,3168.0,2753.2584344404645
KEW EAST,3102.0,KEW,3101.0,2006.0220289640138
KEW EAST,3102.0,IVANHOE EAST,3079.0,2387.932987926574
KEW EAST,3102.0,ALPHINGTON,3078.0,3088.30328536924
BURWOOD,3125.0,BOX HILL SOUTH,3128.0,2075.4813236366435
BURWOOD,3125.0,ASHWOOD,3147.0,2680.3328598034595
BURWOOD,3125.0,SURREY HILLS,3127.0,3687.602108388984
GLEN IRIS,3146.0,ASHBURTON,3147.0,1881.187257546872
GLEN IRIS,3146.0,MALVERN EAST,3145.0,3016.691773812156
GLEN IRIS,3146.0,CAMBERWELL,3124.0,3025.051195467801
OAKLEIGH,3166.0,HUGHESDALE,3166.0,1483.8980780235659
OAKLEIGH,3166.0,HUNTINGDALE,3166.0,1963.5276290596362
OAKLEIGH,3166.0,CHADSTONE,3148.0,2371.559360195463
COLLINGWOOD,3066.0,FITZROY,3065.0,1016.7559355190022
COLLINGWOOD,3066.0,ABBOTSFORD,3067.0,1348.9500195521716
COLLINGWOOD,3066.0,CLIFTON HILL,3068.0,2036.885638992862
RICHMOND,3121.0,CREMORNE,3121.0,1525.868988124148
RICHMOND,3121.0,BURNLEY,3121.0,1914.4143700414832
RICHMOND,3121.0,EAST MELBOURNE,3002.0,2401.30043068397
RICHMOND,3121.0,EAST MELBOURNE,8002.0,2401.30043068397
SOUTH YARRA,3141.0,CREMORNE,3121.0,1213.130736514541
SOUTH YARRA,3141.0,MELBOURNE,3000.0,1964.9122955658015
SOUTH YARRA,3141.0,MELBOURNE,3001.0,1964.9122955658015
SOUTH YARRA,3141.0,MELBOURNE,3004.0,1964.9122955658015
SOUTH YARRA,3141.0,MELBOURNE,8001.0,1964.9122955658015
SOUTH YARRA,3141.0,MELBOURNE,8045.0,1964.9122955658015
SOUTH YARRA,3141.0,MELBOURNE,8051.0,1964.9122955658015
SOUTH YARRA,3141.0,MELBOURNE,8066.0,1964.9122955658015
SOUTH YARRA,3141.0,MELBOURNE,8069.0,1964.9122955658015
SOUTH YARRA,3141.0,MELBOURNE,8070.0,1964.9122955658015
SOUTH YARRA,3141.0,MELBOURNE,8071.0,1964.9122955658015
SOUTH YARRA,3141.0,MELBOURNE,8102.0,1964.9122955658015
SOUTH YARRA,3141.0,MELBOURNE,8107.0,1964.9122955658015
SOUTH YARRA,3141.0,MELBOURNE,8111.0,1964.9122955658015
SOUTH YARRA,3141.0,MELBOURNE,8120.0,1964.9122955658015
SOUTH YARRA,3141.0,MELBOURNE,8205.0,1964.9122955658015
SOUTH YARRA,3141.0,MELBOURNE,8383.0,1964.9122955658015
SOUTH YARRA,3141.0,WINDSOR,3181.0,2362.2344389358145
CHADSTONE,3148.0,OAKLEIGH,3166.0,2371.559360195463
CHADSTONE,3148.0,ASHWOOD,3147.0,2449.436142571182
CHADSTONE,3148.0,HUGHESDALE,3166.0,2907.394488665126
BURWOOD EAST,3151.0,BLACKBURN SOUTH,3130.0,2006.7109146470505
BURWOOD EAST,3151.0,FOREST HILL,3131.0,3130.462008826322
BURWOOD EAST,3151.0,BOX HILL SOUTH,3128.0,3673.488874168399
NARRE WARREN SOUTH,3805.0,HAMPTON PARK,3976.0,3763.6117911177203
NARRE WARREN SOUTH,3805.0,CRANBOURNE NORTH,3977.0,3929.306928159891
NARRE WARREN SOUTH,3805.0,NARRE WARREN,3805.0,4137.2745022742065
MURRUMBEENA,3163.0,HUGHESDALE,3166.0,1261.6927745081712
MURRUMBEENA,3163.0,CARNEGIE,3163.0,1710.4168079433693
MURRUMBEENA,3163.0,MALVERN EAST,3145.0,2602.3383365844597
HUGHESDALE,3166.0,MURRUMBEENA,3163.0,1261.6927745081712
HUGHESDALE,3166.0,OAKLEIGH,3166.0,1483.8980780235659
HUGHESDALE,3166.0,CHADSTONE,3148.0,2907.394488665126
NOTTING HILL,3168.0,CLAYTON,3168.0,1740.3330105726734
NOTTING HILL,3168.0,OAKLEIGH EAST,3166.0,2621.133065757311
NOTTING HILL,3168.0,MULGRAVE,3170.0,3520.179251695642
BOTANIC RIDGE,3977.0,CRANBOURNE SOUTH,3977.0,2341.7883390334378
BOTANIC RIDGE,3977.0,CRANBOURNE,3977.0,3577.525468786935
BOTANIC RIDGE,3977.0,JUNCTION VILLAGE,3977.0,4116.702618435413
JUNCTION VILLAGE,3977.0,CRANBOURNE EAST,3977.0,3352.114704250486
JUNCTION VILLAGE,3977.0,CRANBOURNE,3977.0,3614.144652935747
JUNCTION VILLAGE,3977.0,BOTANIC RIDGE,3977.0,4116.702618435413
CRANBOURNE WEST,3977.0,CRANBOURNE,3977.0,2714.05981418881
CRANBOURNE WEST,3977.0,SKYE,3977.0,3921.1032880567027
CRANBOURNE WEST,3977.0,BOTANIC RIDGE,3977.0,4618.596268369832
FRANKSTON NORTH,3200.0,SEAFORD,3198.0,4043.0353223428197
FRANKSTON NORTH,3200.0,CARRUM DOWNS,3201.0,4256.56582840188
FRANKSTON NORTH,3200.0,FRANKSTON,3199.0,4464.516312160408
CLARINDA,3169.0,CLAYTON SOUTH,3169.0,2471.182105717161
CLARINDA,3169.0,HEATHERTON,3202.0,2595.1994448648566
CLARINDA,3169.0,OAKLEIGH SOUTH,3167.0,2755.354473458769
FRANKSTON SOUTH,3199.0,FRANKSTON,3199.0,3705.5364856309307
FRANKSTON SOUTH,3199.0,BAXTER,3911.0,3984.3650829930993
FRANKSTON SOUTH,3199.0,MOUNT ELIZA,3930.0,4895.91365489575
CRANBOURNE NORTH,3977.0,NARRE WARREN SOUTH,3805.0,3929.306928159891
CRANBOURNE NORTH,3977.0,CRANBOURNE EAST,3977.0,5016.909210834923
CRANBOURNE NORTH,3977.0,LYNBROOK,3975.0,5834.490576597468
BENTLEIGH EAST,3165.0,OAKLEIGH SOUTH,3167.0,2785.7723158450567
BENTLEIGH EAST,3165.0,MOORABBIN,3189.0,2906.251577661542
BENTLEIGH EAST,3165.0,BENTLEIGH,3204.0,3243.166808767732
CRANBOURNE,3977.0,CRANBOURNE WEST,3977.0,2714.05981418881
CRANBOURNE,3977.0,BOTANIC RIDGE,3977.0,3577.525468786935
CRANBOURNE,3977.0,JUNCTION VILLAGE,3977.0,3614.144652935747
SAFETY BEACH,3936.0,DROMANA,3936.0,2573.163978248719
SAFETY BEACH,3936.0,RED HILL,3937.0,6639.734014860198
SAFETY BEACH,3936.0,MOUNT MARTHA,3934.0,6944.99216788905
PEARCEDALE,3912.0,LANGWARRIN SOUTH,3911.0,6310.724534683833
PEARCEDALE,3912.0,CANNONS CREEK,3977.0,6641.956675904338
PEARCEDALE,3912.0,CRANBOURNE SOUTH,3977.0,6684.076985228294
BAXTER,3911.0,FRANKSTON SOUTH,3199.0,3984.3650829930993
BAXTER,3911.0,LANGWARRIN SOUTH,3911.0,4381.730449610094
BAXTER,3911.0,MOUNT ELIZA,3930.0,6747.6730848743355
MERRICKS NORTH,3926.0,BALNARRING,3926.0,6469.630353166193
MERRICKS NORTH,3926.0,TUERONG,3915.0,6584.454878227394
MERRICKS NORTH,3926.0,DROMANA,3936.0,6787.14653750632
CANNONS CREEK,3977.0,BLIND BIGHT,3980.0,3181.293424180678
CANNONS CREEK,3977.0,WARNEET,3980.0,3403.5006025943544
CANNONS CREEK,3977.0,DEVON MEADOWS,3977.0,5220.47474583263
WARNEET,3980.0,BLIND BIGHT,3980.0,2471.8737379876793
WARNEET,3980.0,CANNONS CREEK,3977.0,3403.5006025943544
WARNEET,3980.0,TOORADIN,3980.0,8247.405521753735
MOUNT MARTHA,3934.0,SAFETY BEACH,3936.0,6944.99216788905
MOUNT MARTHA,3934.0,MORNINGTON,3931.0,7263.058044779482
MOUNT MARTHA,3934.0,TUERONG,3915.0,7379.984456698962
DROMANA,3936.0,SAFETY BEACH,3936.0,2573.163978248719
DROMANA,3936.0,RED HILL,3937.0,4240.3131620988715
DROMANA,3936.0,MERRICKS NORTH,3926.0,6787.14653750632
POINT COOK,3030.0,SEABROOK,3028.0,3477.9037668585725
POINT COOK,3030.0,ALTONA MEADOWS,3028.0,4604.048815261165
POINT COOK,3030.0,WILLIAMS LANDING,3027.0,6130.437091152279
WEST FOOTSCRAY,3012.0,KINGSVILLE,3012.0,1242.4112504211955
WEST FOOTSCRAY,3012.0,TOTTENHAM,3012.0,2088.4004039723936
WEST FOOTSCRAY,3012.0,SEDDON,3011.0,2333.423671334277
MAIN RIDGE,3928.0,ARTHURS SEAT,3936.0,5945.790711779977
MAIN RIDGE,3928.0,ROSEBUD,3939.0,7197.542434179129
MAIN RIDGE,3928.0,BONEO,3939.0,7318.853798339262
BITTERN,3918.0,CRIB POINT,3919.0,4030.7490362035096
BITTERN,3918.0,BALNARRING,3926.0,5837.35964891244
BITTERN,3918.0,HASTINGS,3915.0,5858.484174942819
RED HILL,3937.0,DROMANA,3936.0,4240.3131620988715
RED HILL,3937.0,RED HILL SOUTH,3937.0,4484.5542878033075
RED HILL,3937.0,ARTHURS SEAT,3936.0,5961.800054123264
MCCRAE,3938.0,ROSEBUD,3939.0,3047.023042627226
MCCRAE,3938.0,ARTHURS SEAT,3936.0,3080.4332120217587
MCCRAE,3938.0,CAPEL SOUND,3940.0,6824.27554996352
CRIB POINT,3919.0,HMAS CERBERUS,3920.0,3696.7935736800255
CRIB POINT,3919.0,BITTERN,3918.0,4030.7490362035096
CRIB POINT,3919.0,SOMERS,3927.0,6288.629799553051
BLAIRGOWRIE,3942.0,RYE,3941.0,4864.053546811853
BLAIRGOWRIE,3942.0,SORRENTO,3943.0,5370.214639727637
BLAIRGOWRIE,3942.0,TOOTGAROOK,3941.0,8589.09485271465
RED HILL SOUTH,3937.0,RED HILL,3937.0,4484.5542878033075
RED HILL SOUTH,3937.0,MERRICKS,3916.0,4707.400839203209
RED HILL SOUTH,3937.0,POINT LEO,3916.0,5422.882072256842
SHOREHAM,3916.0,POINT LEO,3916.0,3937.8808976237733
SHOREHAM,3916.0,RED HILL SOUTH,3937.0,6114.880674952591
SHOREHAM,3916.0,MERRICKS,3916.0,6835.808960943703
FLINDERS,3929.0,SHOREHAM,3916.0,7081.804538262526
FLINDERS,3929.0,MAIN RIDGE,3928.0,8010.6885968903
FLINDERS,3929.0,CAPE SCHANCK,3939.0,9156.822274452785
CARLTON,3053.0,FITZROY,3065.0,1113.7864678607384
CARLTON,3053.0,CARLTON NORTH,3054.0,1796.2901872845625
CARLTON,3053.0,COLLINGWOOD,3066.0,2125.3604920965663
CARRUM,3197.0,BONBEACH,3196.0,1996.2806728590238
CARRUM,3197.0,PATTERSON LAKES,3197.0,2463.497690575439
CARRUM,3197.0,CHELSEA,3196.0,3947.4158162316958
MANOR LAKES,3024.0,WYNDHAM VALE,3024.0,3279.9300169988487
MANOR LAKES,3024.0,MAMBOURIN,3024.0,5740.191508028137
MANOR LAKES,3024.0,WERRIBEE,3030.0,8996.184117346304
ALTONA MEADOWS,3028.0,SEABROOK,3028.0,2661.402318966301
ALTONA MEADOWS,3028.0,LAVERTON,3028.0,3636.240474546872
ALTONA MEADOWS,3028.0,ALTONA,3018.0,4352.767975451553
SOMERS,3927.0,BALNARRING BEACH,3926.0,4112.643630620258
SOMERS,3927.0,HMAS CERBERUS,3920.0,4279.224892205285
SOMERS,3927.0,BALNARRING,3926.0,4752.621558162994
BLACKBURN,3130.0,BLACKBURN NORTH,3130.0,2410.940232812221
BLACKBURN,3130.0,BLACKBURN SOUTH,3130.0,2603.1228115565323
BLACKBURN,3130.0,BOX HILL,3128.0,2770.095376776187
CAPE SCHANCK,3939.0,BONEO,3939.0,8366.83651019208
CAPE SCHANCK,3939.0,FINGAL,3939.0,8499.518236626725
CAPE SCHANCK,3939.0,FLINDERS,3929.0,9156.822274452785
BOX HILL,3128.0,MONT ALBERT,3127.0,2068.8186139243294
BOX HILL,3128.0,BOX HILL SOUTH,3128.0,2098.589418131251
BOX HILL,3128.0,BOX HILL NORTH,3129.0,2200.6361132707902
SURREY HILLS,3127.0,MONT ALBERT,3127.0,1236.5450026670949
SURREY HILLS,3127.0,CANTERBURY,3126.0,2549.9747144969733
SURREY HILLS,3127.0,BALWYN,3103.0,2624.213850781421
CAMBERWELL,3124.0,CANTERBURY,3126.0,1650.7412078738073
CAMBERWELL,3124.0,HAWTHORN EAST,3123.0,2741.2012409819577
CAMBERWELL,3124.0,GLEN IRIS,3146.0,3025.051195467801
MERRICKS,3916.0,MERRICKS BEACH,3926.0,2817.906216851512
MERRICKS,3916.0,POINT LEO,3916.0,3349.697616663112
MERRICKS,3916.0,BALNARRING BEACH,3926.0,4356.912389594935
MAMBOURIN,3024.0,MANOR LAKES,3024.0,5740.191508028137
MAMBOURIN,3024.0,WYNDHAM VALE,3024.0,8557.929127809159
MAMBOURIN,3024.0,WERRIBEE,3030.0,10046.063894788409
WERRIBEE SOUTH,3030.0,POINT COOK,3030.0,7419.758997249191
WERRIBEE SOUTH,3030.0,WERRIBEE,3030.0,7801.236361058799
WERRIBEE SOUTH,3030.0,HOPPERS CROSSING,3029.0,9394.163687703847
COCOROC,3030.0,WERRIBEE,3030.0,8297.496703952222
COCOROC,3030.0,WERRIBEE SOUTH,3030.0,10224.544625309194
COCOROC,3030.0,MAMBOURIN,3024.0,11534.524416222459
POINT LEO,3916.0,MERRICKS,3916.0,3349.697616663112
POINT LEO,3916.0,SHOREHAM,3916.0,3937.8808976237733
POINT LEO,3916.0,MERRICKS BEACH,3926.0,5314.123075501294
FITZROY,3065.0,COLLINGWOOD,3066.0,1016.7559355190022
FITZROY,3065.0,CARLTON,3053.0,1113.7864678607384
FITZROY,3065.0,CARLTON NORTH,3054.0,2202.0292506674655
POINT WILSON,3212.0,COCOROC,3030.0,14119.47759455741
POINT WILSON,3212.0,LITTLE RIVER,3211.0,15338.597390020139
POINT WILSON,3212.0,MAMBOURIN,3024.0,18963.58168188494
BONEO,3939.0,FINGAL,3939.0,4892.80646837041
BONEO,3939.0,ROSEBUD,3939.0,5509.247365983308
BONEO,3939.0,CAPEL SOUND,3940.0,6149.6020996406
BOX HILL SOUTH,3128.0,BURWOOD,3125.0,2075.4813236366435
BOX HILL SOUTH,3128.0,BOX HILL,3128.0,2098.589418131251
BOX HILL SOUTH,3128.0,BLACKBURN SOUTH,3130.0,2668.55837367537
FINGAL,3939.0,ST ANDREWS BEACH,3941.0,3151.9384323898526
FINGAL,3939.0,BONEO,3939.0,4892.80646837041
FINGAL,3939.0,TOOTGAROOK,3941.0,6020.803406749457
BALNARRING BEACH,3926.0,MERRICKS BEACH,3926.0,1542.2237361685584
BALNARRING BEACH,3926.0,SOMERS,3927.0,4112.643630620258
BALNARRING BEACH,3926.0,MERRICKS,3916.0,4356.912389594935
BLACKBURN SOUTH,3130.0,BURWOOD EAST,3151.0,2006.7109146470505
BLACKBURN SOUTH,3130.0,BLACKBURN,3130.0,2603.1228115565323
BLACKBURN SOUTH,3130.0,BOX HILL SOUTH,3128.0,2668.55837367537
COBURG,3058.0,COBURG NORTH,3058.0,2550.5014223898534
COBURG,3058.0,PASCOE VALE SOUTH,3044.0,2643.0256966070187
COBURG,3058.0,BRUNSWICK,3056.0,3089.3005344022936
DONCASTER EAST,3109.0,DONVALE,3111.0,3030.4585311402184
DONCASTER EAST,3109.0,TEMPLESTOWE,3106.0,3346.902331745418
DONCASTER EAST,3109.0,BLACKBURN NORTH,3130.0,4142.557849744997
BLACKBURN NORTH,3130.0,BLACKBURN,3130.0,2410.940232812221
BLACKBURN NORTH,3130.0,NUNAWADING,3131.0,2868.9572335609387
BLACKBURN NORTH,3130.0,BOX HILL NORTH,3129.0,2923.952031475227
LANGWARRIN,3910.0,FRANKSTON NORTH,3200.0,4980.730858642543
LANGWARRIN,3910.0,CRANBOURNE SOUTH,3977.0,4983.063054083085
LANGWARRIN,3910.0,LANGWARRIN SOUTH,3911.0,5191.625282154103
SANDHURST,3977.0,LYNDHURST,3975.0,3012.167114681531
SANDHURST,3977.0,SKYE,3977.0,3358.952049240496
SANDHURST,3977.0,CARRUM DOWNS,3201.0,4477.018287548406
SKYE,3977.0,SANDHURST,3977.0,3358.952049240496
SKYE,3977.0,CRANBOURNE WEST,3977.0,3921.1032880567027
SKYE,3977.0,CARRUM DOWNS,3201.0,4478.410154333721
SEAFORD,3198.0,CARRUM DOWNS,3201.0,3967.1953060759056
SEAFORD,3198.0,FRANKSTON NORTH,3200.0,4043.0353223428197
SEAFORD,3198.0,CARRUM,3197.0,4427.51099421615
CRANBOURNE SOUTH,3977.0,BOTANIC RIDGE,3977.0,2341.7883390334378
CRANBOURNE SOUTH,3977.0,LANGWARRIN,3910.0,4983.063054083085
CRANBOURNE SOUTH,3977.0,JUNCTION VILLAGE,3977.0,5884.174072873626
NAR NAR GOON,3812.0,CORA LYNN,3814.0,6467.95658957646
NAR NAR GOON,3812.0,KOO WEE RUP NORTH,3981.0,6496.148776061534
NAR NAR GOON,3812.0,PAKENHAM SOUTH,3810.0,8910.992623789683
CORA LYNN,3814.0,NAR NAR GOON,3812.0,6467.95658957646
CORA LYNN,3814.0,BAYLES,3981.0,6501.706439607055
CORA LYNN,3814.0,KOO WEE RUP NORTH,3981.0,9311.290539277123
ALTONA NORTH,3025.0,BROOKLYN,3012.0,3577.1090146922475
ALTONA NORTH,3025.0,SEAHOLME,3018.0,3971.304472027052
ALTONA NORTH,3025.0,ALTONA,3018.0,3978.24017235385
HOPPERS CROSSING,3029.0,WILLIAMS LANDING,3027.0,4996.2016563557445
HOPPERS CROSSING,3029.0,TARNEIT,3029.0,6459.631462349432
HOPPERS CROSSING,3029.0,SEABROOK,3028.0,6664.809461576216
MONOMEITH,3984.0,KOO WEE RUP,3981.0,4959.46917031469
MONOMEITH,3984.0,CALDERMEADE,3984.0,5140.491616528488
MONOMEITH,3984.0,BAYLES,3981.0,7355.35614676635
MONT ALBERT,3127.0,SURREY HILLS,3127.0,1236.5450026670949
MONT ALBERT,3127.0,BOX HILL,3128.0,2068.8186139243294
MONT ALBERT,3127.0,MONT ALBERT NORTH,3129.0,2299.576039623461
WILLIAMS LANDING,3027.0,LAVERTON,3028.0,2597.485188056257
WILLIAMS LANDING,3027.0,SEABROOK,3028.0,2930.8636576177705
WILLIAMS LANDING,3027.0,ALTONA MEADOWS,3028.0,4789.597015327855
DEWHURST,3808.0,MOUNT BURNETT,3781.0,4179.047482624587
DEWHURST,3808.0,PAKENHAM UPPER,3810.0,6064.591463948774
DEWHURST,3808.0,BEACONSFIELD UPPER,3808.0,6258.536517744144
MOUNT BURNETT,3781.0,DEWHURST,3808.0,4179.047482624587
MOUNT BURNETT,3781.0,PAKENHAM UPPER,3810.0,4631.155729105041
MOUNT BURNETT,3781.0,EMERALD,3782.0,9183.375103004926
CALDERMEADE,3984.0,MONOMEITH,3984.0,5140.491616528488
CALDERMEADE,3984.0,KOO WEE RUP,3981.0,8640.53206402893
CALDERMEADE,3984.0,BAYLES,3981.0,11942.890831512566
FOREST HILL,3131.0,VERMONT SOUTH,3133.0,2660.3154598123006
FOREST HILL,3131.0,BLACKBURN SOUTH,3130.0,2693.1443070775376
FOREST HILL,3131.0,BURWOOD EAST,3151.0,3130.462008826322
NAR NAR GOON NORTH,3812.0,MARYKNOLL,3812.0,4318.363835950161
NAR NAR GOON NORTH,3812.0,PAKENHAM UPPER,3810.0,6691.263378974135
NAR NAR GOON NORTH,3812.0,TYNONG NORTH,3813.0,8243.058771241731
WERRIBEE,3030.0,WERRIBEE SOUTH,3030.0,7801.236361058799
WERRIBEE,3030.0,WYNDHAM VALE,3024.0,7821.096122236776
WERRIBEE,3030.0,COCOROC,3030.0,8297.496703952222
SEABROOK,3028.0,ALTONA MEADOWS,3028.0,2661.402318966301
SEABROOK,3028.0,WILLIAMS LANDING,3027.0,2930.8636576177705
SEABROOK,3028.0,POINT COOK,3030.0,3477.9037668585725
SOMERVILLE,3912.0,TYABB,3913.0,5375.450732779786
SOMERVILLE,3912.0,LANGWARRIN SOUTH,3911.0,5862.900641460767
SOMERVILLE,3912.0,PEARCEDALE,3912.0,6983.636493957557
TUERONG,3915.0,MERRICKS NORTH,3926.0,6584.454878227394
TUERONG,3915.0,MOUNT MARTHA,3934.0,7379.984456698962
TUERONG,3915.0,MOOROODUC,3933.0,7870.737753095181
HASTINGS,3915.0,TYABB,3913.0,4511.996038379421
HASTINGS,3915.0,BITTERN,3918.0,5858.484174942819
HASTINGS,3915.0,CRIB POINT,3919.0,8513.263248195688
PORTSEA,3944.0,SORRENTO,3943.0,4358.9607165796
PORTSEA,3944.0,QUEENSCLIFF,3225.0,9660.261270962976
PORTSEA,3944.0,BLAIRGOWRIE,3942.0,9721.075174027794
PAKENHAM UPPER,3810.0,MOUNT BURNETT,3781.0,4631.155729105041
PAKENHAM UPPER,3810.0,DEWHURST,3808.0,6064.591463948774
PAKENHAM UPPER,3810.0,NAR NAR GOON NORTH,3812.0,6691.263378974135
BERWICK,3806.0,BEACONSFIELD,3807.0,4093.1427631325405
BERWICK,3806.0,NARRE WARREN SOUTH,3805.0,4953.997776622273
BERWICK,3806.0,NARRE WARREN,3805.0,5757.758156232558
BALNARRING,3926.0,SOMERS,3927.0,4752.621558162994
BALNARRING,3926.0,BALNARRING BEACH,3926.0,5142.793965706226
BALNARRING,3926.0,MERRICKS BEACH,3926.0,5758.632512666875
SORRENTO,3943.0,PORTSEA,3944.0,4358.9607165796
SORRENTO,3943.0,BLAIRGOWRIE,3942.0,5370.214639727637
SORRENTO,3943.0,RYE,3941.0,10127.14384993864
ARTHURS SEAT,3936.0,MCCRAE,3938.0,3080.4332120217587
ARTHURS SEAT,3936.0,ROSEBUD,3939.0,5109.5746115985185
ARTHURS SEAT,3936.0,MAIN RIDGE,3928.0,5945.790711779977
ROSEBUD,3939.0,MCCRAE,3938.0,3047.023042627226
ROSEBUD,3939.0,CAPEL SOUND,3940.0,4516.658527808905
ROSEBUD,3939.0,ARTHURS SEAT,3936.0,5109.5746115985185
HMAS CERBERUS,3920.0,CRIB POINT,3919.0,3696.7935736800255
HMAS CERBERUS,3920.0,SOMERS,3927.0,4279.224892205285
HMAS CERBERUS,3920.0,BITTERN,3918.0,6478.273749742577
EYNESBURY,3338.0,QUANDONG,3030.0,6870.194927927847
EYNESBURY,3338.0,MOUNT COTTRELL,3024.0,9922.387890607584
EYNESBURY,3338.0,STRATHTULLOH,3338.0,10879.836940989599
HEIDELBERG,3084.0,ROSANNA,3084.0,1628.7896693991736
HEIDELBERG,3084.0,EAGLEMONT,3084.0,1706.733120760815
HEIDELBERG,3084.0,HEIDELBERG HEIGHTS,3081.0,2208.872162409108
FAIRFIELD,3078.0,CLIFTON HILL,3068.0,1655.2606898394854
FAIRFIELD,3078.0,NORTHCOTE,3070.0,2124.775582197868
FAIRFIELD,3078.0,ALPHINGTON,3078.0,2171.517058692208
BRAYBROOK,3019.0,MAIDSTONE,3012.0,2170.3650941121637
BRAYBROOK,3019.0,SUNSHINE,3020.0,2313.588495028057
BRAYBROOK,3019.0,TOTTENHAM,3012.0,2985.7066659498546
WEST MELBOURNE,3003.0,KENSINGTON,3031.0,2291.3501520440495
WEST MELBOURNE,3003.0,DOCKLANDS,3008.0,2763.6090741651183
WEST MELBOURNE,3003.0,DOCKLANDS,8012.0,2763.6090741651183
WEST MELBOURNE,3003.0,FOOTSCRAY,3011.0,3172.9301070940596
MALVERN EAST,3145.0,ASHBURTON,3147.0,1823.3343740305495
MALVERN EAST,3145.0,MURRUMBEENA,3163.0,2602.3383365844597
MALVERN EAST,3145.0,CARNEGIE,3163.0,2702.4739103867855
MAIDSTONE,3012.0,MARIBYRNONG,3032.0,1746.6649812992925
MAIDSTONE,3012.0,BRAYBROOK,3019.0,2170.3650941121637
MAIDSTONE,3012.0,WEST FOOTSCRAY,3012.0,2763.7050064359332
ASHBURTON,3147.0,MALVERN EAST,3145.0,1823.3343740305495
ASHBURTON,3147.0,GLEN IRIS,3146.0,1881.187257546872
ASHBURTON,3147.0,ASHWOOD,3147.0,2724.296363767303
CLAYTON,3168.0,NOTTING HILL,3168.0,1740.3330105726734
CLAYTON,3168.0,OAKLEIGH EAST,3166.0,2132.365436060648
CLAYTON,3168.0,HUNTINGDALE,3166.0,2753.2584344404645
COWES,3922.0,RHYLL,3923.0,4304.391704857201
COWES,3922.0,SILVERLEAVES,3922.0,4368.6983379789535
COWES,3922.0,VENTNOR,3922.0,7010.699032530519
SILVERLEAVES,3922.0,RHYLL,3923.0,3694.530946936768
SILVERLEAVES,3922.0,COWES,3922.0,4368.6983379789535
SILVERLEAVES,3922.0,VENTNOR,3922.0,11379.205477521513
VENTNOR,3922.0,COWES,3922.0,7010.699032530519
VENTNOR,3922.0,RHYLL,3923.0,10274.994417159365
VENTNOR,3922.0,SILVERLEAVES,3922.0,11379.205477521513
RHYLL,3923.0,SILVERLEAVES,3922.0,3694.530946936768
RHYLL,3923.0,COWES,3922.0,4304.391704857201
RHYLL,3923.0,VENTNOR,3922.0,10274.994417159365
SPOTSWOOD,3015.0,YARRAVILLE,3013.0,1647.0963749086438
SPOTSWOOD,3015.0,SOUTH KINGSVILLE,3015.0,1765.2907152891519
SPOTSWOOD,3015.0,NEWPORT,3015.0,2401.0856097838596
DONVALE,3111.0,DONCASTER EAST,3109.0,3030.4585311402184
DONVALE,3111.0,PARK ORCHARDS,3114.0,3288.467972261001
DONVALE,3111.0,BLACKBURN NORTH,3130.0,4166.572474337627
LAVERTON NORTH,3026.0,LAVERTON,3028.0,4071.0290799459417
LAVERTON NORTH,3026.0,ALTONA NORTH,3025.0,4979.286853980604
LAVERTON NORTH,3026.0,SUNSHINE WEST,3020.0,5221.243200732645
LAVERTON NORTH,3026.0,SUNSHINE WEST,8438.0,5221.243200732645
LAVERTON NORTH,3026.0,SUNSHINE WEST,8511.0,5221.243200732645
CLAYTON SOUTH,3169.0,CLARINDA,3169.0,2471.182105717161
CLAYTON SOUTH,3169.0,SPRINGVALE,3171.0,3953.264465558236
CLAYTON SOUTH,3169.0,CLAYTON,3168.0,4243.375311688254
LAVERTON,3028.0,WILLIAMS LANDING,3027.0,2597.485188056257
LAVERTON,3028.0,SEABROOK,3028.0,3489.4877462792374
LAVERTON,3028.0,ALTONA MEADOWS,3028.0,3636.240474546872
CARRUM DOWNS,3201.0,SEAFORD,3198.0,3967.1953060759056
CARRUM DOWNS,3201.0,FRANKSTON NORTH,3200.0,4256.56582840188
CARRUM DOWNS,3201.0,SANDHURST,3977.0,4477.018287548406
BANGHOLME,3175.0,PATTERSON LAKES,3197.0,4438.0138120313395
BANGHOLME,3175.0,CHELSEA HEIGHTS,3196.0,4830.662904062844
BANGHOLME,3175.0,DANDENONG SOUTH,3164.0,5054.489666782312
BANGHOLME,3175.0,DANDENONG SOUTH,3175.0,5054.489666782312
BANGHOLME,3175.0,DANDENONG SOUTH,8785.0,5054.489666782312
DOCKLANDS,3008.0,SOUTH WHARF,3006.0,1400.3400057729089
DOCKLANDS,8012.0,SOUTH WHARF,3006.0,1400.3400057729089
DOCKLANDS,3008.0,SOUTHBANK,3006.0,2470.139836504625
DOCKLANDS,8012.0,SOUTHBANK,3006.0,2470.139836504625
DOCKLANDS,3008.0,WEST MELBOURNE,3003.0,2763.6090741651183
DOCKLANDS,8012.0,WEST MELBOURNE,3003.0,2763.6090741651183
PATTERSON LAKES,3197.0,BONBEACH,3196.0,2143.320355149395
PATTERSON LAKES,3197.0,CARRUM,3197.0,2463.497690575439
PATTERSON LAKES,3197.0,CHELSEA,3196.0,3740.778883582539
CLARKEFIELD,3430.0,WILDWOOD,3429.0,11552.303834075748
CLARKEFIELD,3430.0,DARRAWEIT GUIM,3756.0,12009.635974494953
CLARKEFIELD,3430.0,MICKLEHAM,3064.0,13483.905859937018
PORT MELBOURNE,3207.0,DOCKLANDS,3008.0,3123.940970700205
PORT MELBOURNE,3207.0,DOCKLANDS,8012.0,3123.940970700205
PORT MELBOURNE,3207.0,WEST MELBOURNE,3003.0,3340.97966378124
PORT MELBOURNE,3207.0,SOUTH WHARF,3006.0,3477.338948572056
THOMASTOWN,3074.0,LALOR,3075.0,2423.8216069331006
THOMASTOWN,3074.0,RESERVOIR,3073.0,4127.00607487293
THOMASTOWN,3074.0,FAWKNER,3060.0,5139.782408467855
WATSONIA,3087.0,WATSONIA NORTH,3087.0,2105.541888499087
WATSONIA,3087.0,MACLEOD,3085.0,2123.6561405925486
WATSONIA,3087.0,YALLAMBIE,3085.0,2688.6820618099764
CHRISTMAS HILLS,3775.0,SMITHS GULLY,3760.0,4583.631829469653
CHRISTMAS HILLS,3775.0,WATSONS CREEK,3097.0,5176.042005379906
CHRISTMAS HILLS,3775.0,BEND OF ISLANDS,3097.0,6775.750708676291
YARRA GLEN,3775.0,YERING,3770.0,5048.3611529911495
YARRA GLEN,3775.0,CHRISTMAS HILLS,3775.0,8471.636409825049
YARRA GLEN,3775.0,COLDSTREAM,3770.0,8825.513166812527
HEIDELBERG WEST,3081.0,HEIDELBERG HEIGHTS,3081.0,1511.820993650677
HEIDELBERG WEST,3081.0,BELLFIELD (GREATER MELBOURNE),,1940.4025431387854
HEIDELBERG WEST,3081.0,KINGSBURY,3083.0,3190.138752216171
RESERVOIR,3073.0,KINGSBURY,3083.0,3654.4020207407725
RESERVOIR,3073.0,FAWKNER,3060.0,3799.5310306102665
RESERVOIR,3073.0,THOMASTOWN,3074.0,4127.00607487293
