year,postcode,yearly_thefts
2021,3000,237
2022,3000,313
2023,3000,291
2024,3000,395
2025,3000,582
2021,3002,46
2022,3002,32
2023,3002,35
2024,3002,37
2025,3002,51
2021,3003,55
2022,3003,61
2023,3003,50
2024,3003,83
2025,3003,90
2021,3004,38
2022,3004,48
2023,3004,73
2024,3004,59
2025,3004,91
2021,3006,95
2022,3006,155
2023,3006,139
2024,3006,205
2025,3006,297
2021,3008,72
2022,3008,94
2023,3008,107
2024,3008,98
2025,3008,170
2021,3011,112
2022,3011,147
2023,3011,129
2024,3011,180
2025,3011,302
2021,3012,166
2022,3012,134
2023,3012,148
2024,3012,172
2025,3012,200
2021,3013,42
2022,3013,41
2023,3013,40
2024,3013,48
2025,3013,102
2021,3015,27
2022,3015,50
2023,3015,44
2024,3015,35
2025,3015,110
2021,3016,35
2022,3016,58
2023,3016,56
2024,3016,59
2025,3016,95
2021,3018,25
2022,3018,20
2023,3018,19
2024,3018,25
2025,3018,61
2021,3019,69
2022,3019,58
2023,3019,64
2024,3019,66
2025,3019,81
2021,3020,244
2022,3020,207
2023,3020,189
2024,3020,284
2025,3020,412
2021,3021,195
2022,3021,159
2023,3021,154
2024,3021,180
2025,3021,211
2021,3022,14
2022,3022,6
2023,3022,13
2024,3022,22
2025,3022,21
2021,3023,163
2022,3023,167
2023,3023,134
2024,3023,219
2025,3023,246
2021,3024,60
2022,3024,56
2023,3024,82
2024,3024,63
2025,3024,152
2021,3025,53
2022,3025,51
2023,3025,65
2024,3025,73
2025,3025,94
2021,3026,74
2022,3026,60
2023,3026,86
2024,3026,109
2025,3026,167
2021,3027,24
2022,3027,27
2023,3027,37
2024,3027,39
2025,3027,68
2021,3028,46
2022,3028,69
2023,3028,63
2024,3028,55
2025,3028,96
2021,3029,252
2022,3029,317
2023,3029,366
2024,3029,452
2025,3029,751
2021,3030,226
2022,3030,229
2023,3030,269
2024,3030,335
2025,3030,543
2021,3031,71
2022,3031,65
2023,3031,72
2024,3031,89
2025,3031,179
2021,3032,89
2022,3032,124
2023,3032,105
2024,3032,150
2025,3032,215
2021,3033,20
2022,3033,42
2023,3033,27
2024,3033,36
2025,3033,42
2021,3034,8
2022,3034,15
2023,3034,11
2024,3034,16
2025,3034,14
2021,3036,8
2022,3036,9
2023,3036,14
2024,3036,7
2025,3036,18
2021,3037,67
2022,3037,72
2023,3037,48
2024,3037,70
2025,3037,70
2021,3038,49
2022,3038,47
2023,3038,36
2024,3038,72
2025,3038,106
2021,3039,38
2022,3039,59
2023,3039,42
2024,3039,61
2025,3039,75
2021,3040,73
2022,3040,60
2023,3040,50
2024,3040,86
2025,3040,101
2021,3041,41
2022,3041,32
2023,3041,38
2024,3041,43
2025,3041,75
2021,3042,34
2022,3042,49
2023,3042,57
2024,3042,60
2025,3042,97
2021,3043,150
2022,3043,92
2023,3043,118
2024,3043,147
2025,3043,192
2021,3044,67
2022,3044,54
2023,3044,63
2024,3044,59
2025,3044,95
2021,3045,39
2022,3045,46
2023,3045,63
2024,3045,99
2025,3045,211
2021,3046,110
2022,3046,88
2023,3046,95
2024,3046,85
2025,3046,136
2021,3047,95
2022,3047,94
2023,3047,114
2024,3047,146
2025,3047,150
2021,3048,50
2022,3048,56
2023,3048,78
2024,3048,53
2025,3048,89
2021,3049,31
2022,3049,16
2023,3049,22
2024,3049,33
2025,3049,55
2021,3051,69
2022,3051,100
2023,3051,93
2024,3051,145
2025,3051,156
2021,3052,43
2022,3052,30
2023,3052,36
2024,3052,46
2025,3052,69
2021,3053,71
2022,3053,103
2023,3053,93
2024,3053,134
2025,3053,173
2021,3054,41
2022,3054,50
2023,3054,48
2024,3054,49
2025,3054,69
2021,3055,54
2022,3055,51
2023,3055,47
2024,3055,71
2025,3055,79
2021,3056,130
2022,3056,141
2023,3056,113
2024,3056,149
2025,3056,165
2021,3057,49
2022,3057,54
2023,3057,51
2024,3057,46
2025,3057,100
2021,3058,161
2022,3058,135
2023,3058,143
2024,3058,158
2025,3058,239
2021,3059,26
2022,3059,38
2023,3059,32
2024,3059,42
2025,3059,77
2021,3060,33
2022,3060,31
2023,3060,36
2024,3060,36
2025,3060,71
2021,3061,107
2022,3061,76
2023,3061,101
2024,3061,137
2025,3061,203
2021,3062,22
2022,3062,29
2023,3062,31
2024,3062,40
2025,3062,72
2021,3063,4
2022,3063,2
2023,3063,1
2025,3063,5
2021,3064,219
2022,3064,274
2023,3064,327
2024,3064,327
2025,3064,497
2021,3065,53
2022,3065,59
2023,3065,68
2024,3065,104
2025,3065,135
2021,3066,68
2022,3066,60
2023,3066,61
2024,3066,80
2025,3066,118
2021,3067,56
2022,3067,37
2023,3067,43
2024,3067,40
2025,3067,50
2021,3068,88
2022,3068,79
2023,3068,94
2024,3068,101
2025,3068,139
2021,3070,77
2022,3070,68
2023,3070,97
2024,3070,87
2025,3070,176
2021,3071,75
2022,3071,51
2023,3071,64
2024,3071,101
2025,3071,154
2021,3072,164
2022,3072,125
2023,3072,133
2024,3072,187
2025,3072,379
2021,3073,225
2022,3073,137
2023,3073,181
2024,3073,218
2025,3073,338
2021,3074,80
2022,3074,69
2023,3074,81
2024,3074,74
2025,3074,175
2021,3075,47
2022,3075,35
2023,3075,34
2024,3075,42
2025,3075,68
2021,3076,95
2022,3076,90
2023,3076,104
2024,3076,146
2025,3076,255
2021,3078,37
2022,3078,29
2023,3078,35
2024,3078,42
2025,3078,95
2021,3079,48
2022,3079,34
2023,3079,62
2024,3079,82
2025,3079,97
2021,3081,62
2022,3081,65
2023,3081,51
2024,3081,53
2025,3081,150
2021,3082,41
2022,3082,28
2023,3082,52
2024,3082,59
2025,3082,88
2021,3083,88
2022,3083,72
2023,3083,93
2024,3083,120
2025,3083,180
2021,3084,36
2022,3084,33
2023,3084,37
2024,3084,67
2025,3084,87
2021,3085,13
2022,3085,14
2023,3085,6
2024,3085,24
2025,3085,35
2021,3087,12
2022,3087,10
2023,3087,8
2024,3087,19
2025,3087,18
2021,3088,33
2022,3088,26
2023,3088,33
2024,3088,44
2025,3088,64
2021,3089,12
2022,3089,5
2023,3089,10
2024,3089,13
2025,3089,29
2021,3090,4
2022,3090,2
2024,3090,5
2025,3090,10
2021,3091,6
2022,3091,1
2023,3091,1
2024,3091,1
2025,3091,3
2021,3093,6
2022,3093,6
2023,3093,4
2024,3093,3
2025,3093,9
2021,3094,4
2022,3094,6
2023,3094,4
2024,3094,12
2025,3094,6
2021,3095,20
2022,3095,26
2023,3095,39
2024,3095,26
2025,3095,49
2021,3096,1
2022,3096,3
2023,3096,3
2021,3097,1
2022,3097,1
2023,3097,8
2024,3097,2
2025,3097,4
2021,3099,6
2022,3099,2
2023,3099,3
2024,3099,3
2025,3099,13
2021,3101,56
2022,3101,57
2023,3101,49
2024,3101,50
2025,3101,98
2021,3102,10
2022,3102,6
2023,3102,24
2024,3102,8
2025,3102,26
2021,3103,29
2022,3103,26
2023,3103,34
2024,3103,41
2025,3103,54
2021,3104,15
2022,3104,25
2023,3104,38
2024,3104,29
2025,3104,68
2021,3105,12
2022,3105,11
2023,3105,16
2024,3105,27
2025,3105,26
2021,3106,10
2022,3106,17
2023,3106,21
2024,3106,47
2025,3106,27
2021,3107,14
2022,3107,20
2023,3107,25
2024,3107,32
2025,3107,28
2021,3108,44
2022,3108,49
2023,3108,42
2024,3108,75
2025,3108,101
2021,3109,25
2022,3109,26
2023,3109,30
2024,3109,42
2025,3109,45
2021,3111,11
2022,3111,8
2023,3111,9
2024,3111,15
2025,3111,16
2021,3113,5
2022,3113,9
2023,3113,2
2024,3113,3
2025,3113,10
2021,3114,3
2022,3114,3
2024,3114,8
2025,3114,4
2021,3115,4
2022,3115,1
2023,3115,1
2024,3115,9
2025,3115,5
2021,3116,17
2022,3116,7
2023,3116,19
2024,3116,13
2025,3116,25
2021,3121,147
2022,3121,104
2023,3121,111
2024,3121,131
2025,3121,225
2021,3122,64
2022,3122,50
2023,3122,50
2024,3122,65
2025,3122,122
2021,3123,32
2022,3123,29
2023,3123,34
2024,3123,45
2025,3123,75
2021,3124,40
2022,3124,29
2023,3124,47
2024,3124,54
2025,3124,100
2021,3125,47
2022,3125,26
2023,3125,46
2024,3125,62
2025,3125,98
2021,3126,13
2022,3126,5
2023,3126,12
2024,3126,22
2025,3126,22
2021,3127,34
2022,3127,18
2023,3127,32
2024,3127,43
2025,3127,59
2021,3128,61
2022,3128,49
2023,3128,73
2024,3128,81
2025,3128,193
2021,3129,20
2022,3129,12
2023,3129,31
2024,3129,34
2025,3129,65
2021,3130,68
2022,3130,43
2023,3130,70
2024,3130,82
2025,3130,176
2021,3131,44
2022,3131,42
2023,3131,38
2024,3131,74
2025,3131,150
2021,3132,21
2022,3132,17
2023,3132,29
2024,3132,81
2025,3132,103
2021,3133,22
2022,3133,15
2023,3133,25
2024,3133,48
2025,3133,82
2021,3134,65
2022,3134,49
2023,3134,51
2024,3134,75
2025,3134,182
2021,3135,20
2022,3135,13
2023,3135,26
2024,3135,27
2025,3135,83
2021,3136,56
2022,3136,42
2023,3136,33
2024,3136,64
2025,3136,105
2021,3137,27
2022,3137,12
2023,3137,11
2024,3137,26
2025,3137,25
2021,3138,18
2022,3138,13
2023,3138,24
2024,3138,24
2025,3138,48
2021,3139,19
2022,3139,23
2023,3139,15
2024,3139,11
2025,3139,25
2021,3140,34
2022,3140,19
2023,3140,8
2024,3140,28
2025,3140,53
2021,3141,94
2022,3141,109
2023,3141,123
2024,3141,151
2025,3141,161
2021,3142,44
2022,3142,34
2023,3142,38
2024,3142,34
2025,3142,73
2021,3143,17
2022,3143,33
2023,3143,30
2024,3143,25
2025,3143,52
2021,3144,36
2022,3144,40
2023,3144,36
2024,3144,43
2025,3144,70
2021,3145,69
2022,3145,67
2023,3145,85
2024,3145,100
2025,3145,174
2021,3146,51
2022,3146,47
2023,3146,76
2024,3146,72
2025,3146,132
2021,3147,40
2022,3147,33
2023,3147,56
2024,3147,53
2025,3147,97
2021,3148,33
2022,3148,27
2023,3148,30
2024,3148,37
2025,3148,48
2021,3149,64
2022,3149,63
2023,3149,101
2024,3149,103
2025,3149,170
2021,3150,74
2022,3150,101
2023,3150,150
2024,3150,167
2025,3150,233
2021,3151,12
2022,3151,17
2023,3151,22
2024,3151,31
2025,3151,69
2021,3152,46
2022,3152,40
2023,3152,57
2024,3152,75
2025,3152,158
2021,3153,75
2022,3153,43
2023,3153,41
2024,3153,69
2025,3153,100
2021,3154,14
2022,3154,5
2023,3154,2
2024,3154,6
2025,3154,8
2021,3155,54
2022,3155,31
2023,3155,34
2024,3155,37
2025,3155,87
2021,3156,75
2022,3156,56
2023,3156,50
2024,3156,91
2025,3156,137
2021,3158,12
2022,3158,6
2023,3158,7
2024,3158,6
2025,3158,23
2021,3159,4
2022,3159,2
2023,3159,3
2024,3159,1
2025,3159,3
2021,3160,12
2022,3160,13
2023,3160,11
2024,3160,13
2025,3160,15
2021,3161,30
2022,3161,29
2023,3161,43
2024,3161,60
2025,3161,59
2021,3162,26
2022,3162,33
2023,3162,36
2024,3162,49
2025,3162,68
2021,3163,52
2022,3163,62
2023,3163,80
2024,3163,73
2025,3163,146
2021,3165,43
2022,3165,39
2023,3165,49
2024,3165,68
2025,3165,102
2021,3166,79
2022,3166,70
2023,3166,116
2024,3166,112
2025,3166,186
2021,3167,22
2022,3167,11
2023,3167,22
2024,3167,31
2025,3167,53
2021,3168,90
2022,3168,70
2023,3168,120
2024,3168,144
2025,3168,192
2021,3169,63
2022,3169,48
2023,3169,68
2024,3169,65
2025,3169,115
2021,3170,52
2022,3170,55
2023,3170,50
2024,3170,119
2025,3170,148
2021,3171,81
2022,3171,76
2023,3171,149
2024,3171,165
2025,3171,225
2021,3172,37
2022,3172,26
2023,3172,47
2024,3172,61
2025,3172,96
2021,3173,79
2022,3173,54
2023,3173,100
2024,3173,110
2025,3173,140
2021,3174,115
2022,3174,89
2023,3174,139
2024,3174,154
2025,3174,201
2021,3175,364
2022,3175,276
2023,3175,369
2024,3175,471
2025,3175,641
2021,3177,51
2022,3177,31
2023,3177,47
2024,3177,54
2025,3177,105
2021,3178,57
2022,3178,43
2023,3178,38
2024,3178,55
2025,3178,92
2021,3179,8
2022,3179,20
2023,3179,9
2024,3179,17
2025,3179,27
2021,3180,29
2022,3180,11
2023,3180,7
2024,3180,19
2025,3180,34
2021,3181,87
2022,3181,81
2023,3181,103
2024,3181,114
2025,3181,166
2021,3182,137
2022,3182,137
2023,3182,168
2024,3182,204
2025,3182,207
2021,3183,54
2022,3183,63
2023,3183,83
2024,3183,74
2025,3183,91
2021,3184,39
2022,3184,43
2023,3184,57
2024,3184,62
2025,3184,77
2021,3185,16
2022,3185,27
2023,3185,39
2024,3185,55
2025,3185,73
2021,3186,53
2022,3186,57
2023,3186,94
2024,3186,107
2025,3186,115
2021,3187,22
2022,3187,23
2023,3187,52
2024,3187,57
2025,3187,64
2021,3188,36
2022,3188,35
2023,3188,51
2024,3188,45
2025,3188,96
2021,3189,27
2022,3189,15
2023,3189,32
2024,3189,42
2025,3189,77
2021,3190,18
2022,3190,17
2023,3190,26
2024,3190,37
2025,3190,47
2021,3191,17
2022,3191,17
2023,3191,24
2024,3191,35
2025,3191,42
2021,3192,37
2022,3192,25
2023,3192,59
2024,3192,92
2025,3192,133
2021,3193,21
2022,3193,19
2023,3193,48
2024,3193,57
2025,3193,104
2021,3194,22
2022,3194,18
2023,3194,31
2024,3194,32
2025,3194,66
2021,3195,83
2022,3195,56
2023,3195,89
2024,3195,138
2025,3195,143
2021,3196,32
2022,3196,38
2023,3196,60
2024,3196,55
2025,3196,84
2021,3197,21
2022,3197,28
2023,3197,30
2024,3197,41
2025,3197,50
2021,3198,69
2022,3198,61
2023,3198,75
2024,3198,106
2025,3198,136
2021,3199,147
2022,3199,117
2023,3199,167
2024,3199,213
2025,3199,357
2021,3200,29
2022,3200,25
2023,3200,37
2024,3200,35
2025,3200,32
2021,3201,71
2022,3201,53
2023,3201,59
2024,3201,88
2025,3201,135
2021,3202,3
2022,3202,1
2023,3202,7
2024,3202,15
2025,3202,11
2021,3204,57
2022,3204,53
2023,3204,69
2024,3204,67
2025,3204,108
2021,3205,82
2022,3205,98
2023,3205,110
2024,3205,135
2025,3205,180
2021,3206,51
2022,3206,36
2023,3206,33
2024,3206,49
2025,3206,96
2021,3207,91
2022,3207,88
2023,3207,124
2024,3207,120
2025,3207,261
2021,3211,4
2022,3211,5
2023,3211,3
2024,3211,28
2025,3211,21
2021,3212,12
2022,3212,24
2023,3212,30
2024,3212,35
2025,3212,62
2021,3213,9
2022,3213,10
2023,3213,16
2024,3213,11
2025,3213,17
2021,3214,118
2022,3214,139
2023,3214,120
2024,3214,122
2025,3214,158
2021,3215,83
2022,3215,63
2023,3215,68
2024,3215,91
2025,3215,96
2021,3216,112
2022,3216,96
2023,3216,133
2024,3216,118
2025,3216,148
2021,3217,27
2022,3217,27
2023,3217,29
2024,3217,29
2025,3217,63
2021,3218,38
2022,3218,46
2023,3218,33
2024,3218,42
2025,3218,56
2021,3219,49
2022,3219,50
2023,3219,72
2024,3219,62
2025,3219,95
2021,3220,72
2022,3220,53
2023,3220,67
2024,3220,93
2025,3220,113
2021,3221,1
2023,3221,1
2024,3221,3
2025,3221,1
2021,3222,15
2022,3222,13
2023,3222,9
2024,3222,11
2025,3222,28
2021,3223,15
2022,3223,11
2023,3223,4
2024,3223,11
2025,3223,14
2021,3224,21
2022,3224,18
2023,3224,22
2024,3224,27
2025,3224,27
2021,3225,6
2022,3225,5
2023,3225,2
2024,3225,5
2025,3225,7
2021,3226,14
2022,3226,11
2023,3226,13
2024,3226,13
2025,3226,13
2021,3227,5
2022,3227,13
2023,3227,11
2024,3227,10
2025,3227,10
2021,3228,33
2022,3228,24
2023,3228,17
2024,3228,33
2025,3228,59
2021,3230,3
2022,3230,2
2023,3230,3
2024,3230,4
2025,3230,9
2021,3231,1
2022,3231,1
2023,3231,1
2024,3231,3
2021,3232,3
2022,3232,6
2024,3232,1
2025,3232,2
2024,3233,1
2021,3237,2
2022,3237,1
2024,3238,1
2021,3239,1
2023,3239,1
2024,3239,1
2021,3240,2
2022,3240,3
2023,3240,4
2024,3240,1
2025,3240,3
2021,3241,5
2022,3241,4
2023,3241,1
2024,3241,6
2025,3241,7
2021,3242,1
2024,3242,1
2021,3243,1
2021,3249,5
2022,3249,1
2023,3249,2
2024,3249,10
2025,3249,5
2021,3250,16
2022,3250,15
2023,3250,16
2024,3250,19
2025,3250,16
2022,3251,2
2024,3251,1
2025,3251,1
2022,3254,1
2024,3254,1
2025,3254,3
2021,3260,9
2022,3260,15
2023,3260,8
2024,3260,11
2025,3260,11
2021,3264,8
2022,3264,8
2023,3264,4
2024,3264,3
2025,3264,4
2021,3265,4
2022,3265,10
2023,3265,6
2024,3265,7
2025,3265,5
2021,3266,4
2022,3266,2
2023,3266,2
2024,3266,10
2025,3266,5
2023,3267,1
2021,3268,1
2022,3268,1
2023,3268,2
2024,3268,4
2025,3268,4
2021,3269,2
2021,3270,1
2022,3270,1
2025,3270,1
2023,3271,1
2021,3272,2
2022,3272,4
2023,3272,2
2024,3272,3
2025,3272,2
2025,3273,1
2021,3274,1
2025,3275,1
2021,3277,4
2022,3277,2
2023,3277,1
2024,3277,4
2025,3277,2
2021,3278,1
2022,3278,1
2023,3278,3
2023,3279,1
2025,3279,3
2021,3280,40
2022,3280,49
2023,3280,35
2024,3280,39
2025,3280,59
2022,3281,1
2025,3281,2
2021,3282,1
2022,3282,1
2023,3282,1
2024,3282,2
2025,3282,1
2021,3283,1
2022,3283,3
2025,3283,2
2021,3284,1
2022,3284,3
2023,3284,1
2024,3284,5
2025,3284,3
2021,3285,1
2022,3285,3
2024,3285,1
2025,3285,2
2022,3286,1
2025,3287,2
2024,3289,1
2025,3289,1
2021,3292,1
2022,3292,1
2025,3292,4
2022,3293,1
2025,3293,1
2022,3294,1
2025,3294,1
2021,3300,9
2022,3300,12
2023,3300,10
2024,3300,9
2025,3300,24
2022,3301,1
2023,3301,1
2024,3301,2
2025,3301,1
2022,3302,1
2024,3302,2
2022,3304,8
2023,3304,3
2024,3304,3
2025,3304,15
2021,3305,12
2022,3305,17
2023,3305,15
2024,3305,17
2025,3305,50
2022,3310,1
2023,3310,1
2021,3311,3
2022,3311,5
2023,3311,1
2024,3311,3
2025,3311,2
2021,3312,2
2022,3312,1
2023,3312,5
2024,3312,4
2025,3312,2
2022,3314,3
2023,3314,1
2021,3315,4
2022,3315,5
2025,3315,4
2021,3317,2
2022,3318,1
2023,3318,1
2022,3319,1
2021,3321,1
2023,3321,3
2025,3321,3
2021,3322,1
2022,3322,1
2023,3322,2
2024,3322,1
2025,3322,1
2021,3323,1
2023,3323,1
2022,3324,2
2023,3324,2
2024,3324,3
2025,3324,6
2021,3325,1
2022,3325,2
2023,3325,2
2025,3325,1
2021,3328,2
2023,3328,1
2024,3328,5
2025,3328,1
2021,3329,3
2023,3329,1
2024,3329,3
2025,3329,1
2021,3330,1
2022,3330,2
2024,3330,3
2025,3330,2
2021,3331,3
2022,3331,4
2023,3331,5
2024,3331,10
2025,3331,17
2022,3332,1
2024,3332,2
2025,3332,1
2021,3333,1
2022,3333,2
2023,3333,1
2024,3333,5
2025,3333,4
2021,3334,3
2023,3334,1
2024,3334,5
2025,3334,4
2021,3335,13
2022,3335,21
2023,3335,34
2024,3335,43
2025,3335,78
2021,3336,13
2022,3336,24
2023,3336,36
2024,3336,40
2025,3336,113
2021,3337,115
2022,3337,121
2023,3337,129
2024,3337,139
2025,3337,187
2021,3338,94
2022,3338,83
2023,3338,66
2024,3338,106
2025,3338,134
2021,3340,36
2022,3340,41
2023,3340,64
2024,3340,59
2025,3340,65
2021,3341,3
2022,3341,1
2023,3341,2
2024,3341,5
2025,3341,4
2021,3342,14
2022,3342,15
2023,3342,18
2024,3342,19
2025,3342,14
2021,3345,7
2022,3345,3
2023,3345,1
2024,3345,2
2025,3345,3
2021,3350,253
2022,3350,324
2023,3350,356
2024,3350,347
2025,3350,363
2021,3351,18
2022,3351,16
2023,3351,34
2024,3351,43
2025,3351,46
2021,3352,44
2022,3352,48
2023,3352,80
2024,3352,69
2025,3352,103
2021,3355,68
2022,3355,70
2023,3355,116
2024,3355,129
2025,3355,133
2021,3356,64
2022,3356,78
2023,3356,85
2024,3356,83
2025,3356,106
2021,3357,10
2022,3357,7
2023,3357,5
2024,3357,6
2025,3357,10
2021,3358,6
2022,3358,3
2023,3358,8
2024,3358,23
2025,3358,32
2021,3360,4
2022,3360,2
2023,3360,2
2024,3360,3
2025,3360,1
2022,3361,2
2023,3361,3
2024,3361,4
2025,3361,6
2021,3363,15
2022,3363,6
2023,3363,9
2024,3363,11
2025,3363,26
2021,3364,4
2022,3364,2
2023,3364,11
2024,3364,8
2025,3364,6
2021,3370,2
2022,3370,1
2023,3370,2
2024,3370,4
2025,3370,4
2021,3371,2
2022,3371,6
2023,3371,2
2024,3371,2
2025,3371,5
2021,3373,4
2022,3373,8
2023,3373,7
2024,3373,9
2025,3373,16
2021,3374,1
2023,3374,2
2024,3374,2
2025,3374,4
2021,3375,1
2022,3375,1
2024,3375,1
2025,3375,2
2021,3377,14
2022,3377,19
2023,3377,32
2024,3377,20
2025,3377,48
2023,3378,1
2024,3378,1
2021,3379,1
2022,3379,1
2023,3379,1
2025,3379,5
2021,3380,7
2022,3380,7
2023,3380,5
2024,3380,6
2025,3380,26
2021,3381,1
2023,3381,1
2024,3381,2
2025,3381,3
2021,3384,1
2022,3384,1
2024,3384,1
2025,3384,1
2021,3385,1
2022,3385,1
2025,3385,2
2022,3387,2
2022,3388,1
2023,3388,1
2024,3388,2
2025,3388,1
2023,3390,1
2025,3391,1
2024,3392,2
2021,3393,4
2022,3393,2
2023,3393,1
2024,3393,4
2025,3393,7
2024,3395,1
2022,3396,1
2025,3396,2
2021,3400,14
2022,3400,33
2023,3400,34
2024,3400,29
2025,3400,35
2021,3401,3
2022,3401,7
2023,3401,14
2024,3401,8
2025,3401,11
2021,3407,1
2024,3407,1
2025,3407,2
2021,3409,1
2022,3409,4
2024,3409,2
2025,3409,1
2021,3413,1
2021,3414,3
2022,3414,2
2023,3414,2
2024,3414,4
2025,3414,3
2021,3415,2
2021,3418,7
2022,3418,8
2023,3418,2
2024,3418,1
2025,3418,1
2023,3419,1
2024,3419,2
2025,3419,1
2021,3420,1
2022,3420,3
2021,3423,1
2022,3423,2
2024,3423,1
2022,3424,1
2023,3424,1
2025,3424,1
2021,3427,11
2022,3427,8
2023,3427,15
2024,3427,12
2025,3427,26
2021,3428,8
2022,3428,5
2023,3428,3
2024,3428,3
2025,3428,12
2021,3429,69
2022,3429,54
2023,3429,46
2024,3429,48
2025,3429,96
2021,3430,2
2023,3430,2
2024,3430,3
2025,3430,7
2021,3431,4
2022,3431,2
2023,3431,5
2024,3431,4
2025,3431,8
2022,3432,1
2021,3433,1
2022,3433,3
2023,3433,1
2024,3433,1
2025,3433,1
2021,3434,10
2022,3434,3
2023,3434,8
2024,3434,9
2025,3434,6
2021,3435,11
2022,3435,3
2023,3435,12
2024,3435,7
2025,3435,12
2021,3437,11
2022,3437,5
2023,3437,20
2024,3437,6
2025,3437,18
2021,3438,1
2022,3438,2
2023,3438,2
2024,3438,10
2025,3438,9
2021,3440,2
2022,3440,4
2023,3440,5
2024,3440,4
2025,3440,6
2021,3441,1
2022,3441,2
2023,3441,1
2021,3442,9
2022,3442,2
2023,3442,10
2024,3442,9
2025,3442,11
2021,3444,16
2022,3444,16
2023,3444,29
2024,3444,27
2025,3444,49
2021,3446,1
2022,3446,3
2024,3446,1
2025,3446,6
2021,3448,2
2022,3448,2
2024,3448,1
2025,3448,4
2021,3450,7
2022,3450,9
2023,3450,24
2024,3450,22
2025,3450,18
2021,3451,6
2022,3451,6
2023,3451,9
2024,3451,20
2025,3451,10
2021,3453,1
2022,3453,3
2023,3453,4
2024,3453,3
2025,3453,2
2021,3458,6
2022,3458,2
2023,3458,3
2024,3458,2
2025,3458,4
2021,3460,13
2022,3460,3
2023,3460,5
2024,3460,8
2025,3460,10
2021,3461,7
2022,3461,3
2023,3461,5
2024,3461,6
2025,3461,7
2023,3462,2
2025,3462,3
2021,3463,1
2022,3463,5
2023,3463,3
2024,3463,5
2025,3463,5
2021,3464,1
2022,3464,1
2023,3464,5
2024,3464,5
2025,3464,5
2021,3465,15
2022,3465,13
2023,3465,32
2024,3465,18
2025,3465,40
2021,3467,3
2022,3467,2
2023,3467,2
2025,3467,4
2021,3468,1
2024,3468,1
2021,3469,1
2021,3472,1
2022,3472,1
2023,3472,3
2024,3472,2
2025,3472,6
2021,3475,1
2022,3475,1
2024,3475,2
2021,3477,2
2023,3477,1
2024,3477,2
2025,3477,1
2021,3478,6
2022,3478,2
2024,3478,2
2025,3478,3
2021,3480,1
2022,3480,3
2024,3480,1
2025,3480,3
2023,3482,1
2025,3482,1
2021,3483,1
2022,3483,1
2024,3483,3
2025,3483,2
2024,3485,1
2022,3490,1
2023,3490,1
2024,3490,4
2024,3491,1
2021,3494,1
2022,3494,4
2023,3494,3
2024,3494,3
2025,3494,1
2021,3496,17
2022,3496,19
2023,3496,34
2024,3496,32
2025,3496,29
2021,3498,10
2022,3498,20
2023,3498,27
2024,3498,22
2025,3498,27
2021,3500,90
2022,3500,165
2023,3500,218
2024,3500,278
2025,3500,270
2021,3501,5
2022,3501,7
2023,3501,6
2024,3501,2
2025,3501,14
2021,3505,13
2022,3505,12
2023,3505,41
2024,3505,36
2025,3505,33
2023,3512,2
2021,3515,2
2022,3515,2
2023,3515,3
2024,3515,4
2025,3515,6
2021,3516,6
2022,3516,3
2023,3516,1
2024,3516,2
2025,3516,4
2021,3517,1
2022,3517,2
2023,3517,2
2024,3517,1
2025,3517,7
2021,3518,3
2022,3518,6
2023,3518,1
2024,3518,6
2025,3518,5
2024,3520,4
2025,3520,1
2021,3521,3
2022,3521,1
2024,3521,2
2025,3521,2
2022,3522,1
2023,3522,2
2024,3522,3
2021,3523,16
2022,3523,11
2023,3523,12
2024,3523,9
2025,3523,17
2021,3525,2
2025,3525,2
2021,3527,1
2023,3527,1
2025,3527,4
2021,3529,1
2022,3530,1
2021,3533,1
2023,3533,3
2024,3533,3
2025,3533,3
2021,3537,2
2024,3537,2
2025,3537,2
2021,3540,1
2022,3540,1
2023,3540,3
2024,3540,1
2025,3540,4
2021,3544,1
2023,3544,1
2025,3544,3
2021,3546,1
2022,3546,1
2024,3546,2
2025,3546,1
2021,3549,12
2022,3549,8
2023,3549,11
2024,3549,7
2025,3549,11
2021,3550,132
2022,3550,124
2023,3550,144
2024,3550,224
2025,3550,246
2021,3551,46
2022,3551,45
2023,3551,42
2024,3551,74
2025,3551,104
2021,3555,71
2022,3555,59
2023,3555,70
2024,3555,71
2025,3555,95
2021,3556,39
2022,3556,38
2023,3556,40
2024,3556,52
2025,3556,54
2021,3557,4
2023,3557,2
2024,3557,4
2025,3557,8
2021,3558,2
2022,3558,1
2023,3558,7
2024,3558,4
2025,3558,4
2021,3559,5
2022,3559,1
2023,3559,2
2024,3559,2
2025,3559,8
2021,3561,10
2022,3561,7
2023,3561,9
2024,3561,11
2025,3561,24
2021,3562,2
2022,3562,1
2023,3562,1
2024,3562,1
2021,3563,1
2022,3563,1
2024,3563,5
2021,3564,41
2022,3564,53
2023,3564,67
2024,3564,79
2025,3564,98
2021,3566,2
2023,3566,1
2024,3566,4
2025,3566,2
2022,3567,2
2023,3567,1
2024,3567,2
2025,3567,1
2021,3568,6
2022,3568,1
2023,3568,1
2024,3568,9
2025,3568,6
2021,3570,4
2022,3570,1
2023,3570,1
2024,3570,2
2023,3571,2
2025,3571,1
2023,3572,3
2024,3572,1
2022,3573,4
2024,3573,5
2021,3575,1
2022,3575,2
2024,3575,2
2025,3575,2
2021,3579,4
2022,3579,13
2023,3579,10
2024,3579,16
2025,3579,20
2021,3580,2
2022,3580,1
2023,3580,2
2024,3580,2
2023,3581,1
2021,3583,3
2022,3583,1
2023,3583,2
2021,3584,1
2022,3584,1
2025,3584,5
2021,3585,19
2022,3585,18
2023,3585,13
2024,3585,21
2025,3585,24
2022,3586,1
2024,3586,1
2021,3588,1
2022,3589,2
2023,3589,2
2024,3589,4
2025,3589,1
2024,3590,1
2025,3590,1
2023,3591,1
2022,3594,1
2023,3594,2
2021,3595,2
2023,3595,1
2024,3595,1
2025,3595,1
2024,3596,1
2021,3597,2
2023,3597,3
2024,3597,1
2022,3599,1
2021,3607,1
2021,3608,6
2022,3608,6
2023,3608,10
2024,3608,8
2025,3608,9
2021,3610,1
2022,3610,7
2023,3610,4
2024,3610,6
2025,3610,6
2021,3612,12
2022,3612,14
2023,3612,1
2024,3612,2
2025,3612,12
2021,3614,1
2022,3614,2
2024,3614,2
2025,3614,17
2021,3616,10
2022,3616,6
2023,3616,6
2024,3616,9
2025,3616,19
2021,3617,1
2022,3617,1
2023,3617,1
2025,3617,1
2022,3618,2
2023,3618,3
2024,3618,5
2025,3618,7
2021,3620,19
2022,3620,7
2023,3620,17
2024,3620,27
2025,3620,27
2021,3621,5
2022,3621,3
2023,3621,3
2024,3621,9
2025,3621,4
2022,3622,1
2023,3622,3
2024,3622,2
2025,3622,4
2021,3623,4
2022,3623,2
2023,3623,2
2024,3623,2
2025,3623,6
2023,3624,1
2024,3624,1
2025,3624,1
2021,3629,32
2022,3629,37
2023,3629,26
2024,3629,29
2025,3629,46
2021,3630,98
2022,3630,131
2023,3630,108
2024,3630,120
2025,3630,161
2021,3631,48
2022,3631,28
2023,3631,38
2024,3631,34
2025,3631,59
2021,3633,1
2023,3633,1
2025,3633,2
2021,3634,7
2022,3634,6
2023,3634,5
2024,3634,1
2025,3634,8
2021,3635,1
2023,3635,2
2025,3635,4
2021,3636,9
2022,3636,8
2023,3636,14
2024,3636,10
2025,3636,19
2021,3637,1
2024,3637,1
2025,3637,1
2021,3638,2
2022,3638,3
2023,3638,7
2024,3638,7
2025,3638,8
2021,3639,6
2022,3639,7
2023,3639,3
2024,3639,5
2025,3639,1
2021,3640,2
2022,3640,2
2024,3640,2
2025,3640,1
2021,3641,1
2022,3641,4
2023,3641,3
2024,3641,5
2025,3641,2
2021,3644,20
2022,3644,11
2023,3644,25
2024,3644,26
2025,3644,34
2022,3646,1
2023,3646,2
2025,3646,2
2021,3649,1
2023,3649,3
2021,3658,10
2022,3658,12
2023,3658,8
2024,3658,25
2025,3658,25
2021,3659,8
2022,3659,9
2023,3659,3
2024,3659,2
2025,3659,4
2021,3660,25
2022,3660,16
2023,3660,25
2024,3660,37
2025,3660,40
2021,3663,2
2022,3663,1
2023,3663,2
2024,3663,2
2025,3663,2
2021,3664,3
2022,3664,1
2023,3664,4
2024,3664,2
2025,3664,4
2021,3665,1
2025,3665,2
2021,3666,6
2022,3666,5
2023,3666,6
2024,3666,4
2025,3666,15
2021,3669,1
2022,3669,2
2024,3669,1
2025,3669,7
2021,3670,1
2024,3670,2
2025,3670,4
2021,3672,12
2022,3672,23
2023,3672,33
2024,3672,19
2025,3672,42
2021,3673,3
2022,3673,1
2023,3673,2
2024,3673,2
2025,3673,3
2021,3675,1
2023,3675,1
2024,3675,4
2025,3675,4
2021,3677,7
2022,3677,15
2023,3677,37
2024,3677,40
2025,3677,49
2021,3678,1
2022,3678,5
2023,3678,10
2024,3678,2
2025,3678,4
2021,3682,1
2022,3682,2
2023,3682,2
2024,3682,4
2021,3683,3
2022,3683,1
2023,3683,3
2024,3683,4
2025,3683,6
2021,3685,2
2022,3685,4
2023,3685,2
2024,3685,3
2025,3685,5
2023,3687,2
2024,3687,3
2021,3688,3
2022,3688,7
2023,3688,4
2024,3688,3
2025,3688,2
2021,3690,44
2022,3690,78
2023,3690,113
2024,3690,125
2025,3690,164
2021,3691,8
2022,3691,11
2023,3691,8
2024,3691,35
2025,3691,25
2022,3695,1
2025,3695,1
2025,3697,1
2021,3699,1
2023,3699,1
2024,3699,1
2021,3700,3
2023,3700,1
2024,3700,1
2025,3700,3
2021,3701,1
2022,3701,3
2023,3701,2
2024,3701,3
2025,3701,5
2022,3705,1
2021,3707,1
2023,3707,1
2024,3707,4
2025,3708,1
2025,3711,1
2021,3712,1
2025,3712,1
2021,3713,1
2022,3713,1
2024,3713,9
2025,3713,3
2021,3714,7
2022,3714,3
2023,3714,3
2024,3714,3
2025,3714,5
2024,3715,2
2025,3715,1
2021,3717,12
2022,3717,1
2023,3717,6
2024,3717,4
2025,3717,4
2021,3718,1
2025,3718,2
2022,3719,3
2023,3719,2
2022,3720,1
2023,3720,1
2024,3720,4
2025,3720,4
2021,3722,3
2023,3722,6
2024,3722,8
2025,3722,2
2021,3723,2
2022,3723,2
2023,3723,5
2024,3723,4
2025,3723,4
2021,3725,1
2022,3725,3
2023,3725,1
2024,3725,1
2025,3725,1
2025,3726,2
2022,3727,1
2023,3727,1
2025,3728,2
2021,3730,10
2022,3730,12
2023,3730,12
2024,3730,12
2025,3730,13
2023,3732,1
2025,3732,1
2025,3735,1
2021,3737,5
2022,3737,4
2023,3737,8
2024,3737,13
2025,3737,9
2023,3740,1
2025,3740,1
2021,3741,1
2022,3741,2
2023,3741,3
2024,3741,1
2023,3744,2
2023,3746,2
2021,3747,4
2022,3747,6
2023,3747,5
2024,3747,7
2025,3747,4
2021,3749,2
2022,3749,2
2023,3749,2
2025,3749,1
2021,3750,33
2022,3750,26
2023,3750,35
2024,3750,46
2025,3750,78
2021,3751,1
2024,3751,1
2021,3752,38
2022,3752,27
2023,3752,22
2024,3752,27
2025,3752,77
2021,3753,6
2022,3753,10
2023,3753,7
2024,3753,18
2025,3753,26
2021,3754,47
2022,3754,50
2023,3754,50
2024,3754,69
2025,3754,100
2025,3755,2
2021,3756,23
2022,3756,13
2023,3756,26
2024,3756,38
2025,3756,59
2021,3757,7
2022,3757,9
2023,3757,11
2024,3757,10
2025,3757,17
2021,3758,13
2022,3758,3
2023,3758,3
2024,3758,2
2025,3758,4
2021,3759,2
2023,3759,1
2025,3759,2
2024,3760,1
2025,3760,2
2021,3761,2
2021,3762,7
2022,3762,1
2024,3762,1
2025,3762,1
2021,3763,2
2022,3763,4
2023,3763,5
2024,3763,3
2021,3764,28
2022,3764,11
2023,3764,10
2024,3764,11
2025,3764,30
2021,3765,4
2022,3765,5
2023,3765,2
2024,3765,4
2025,3765,8
2021,3766,2
2023,3766,1
2025,3766,2
2021,3767,4
2023,3767,1
2024,3767,2
2025,3767,6
2021,3770,4
2022,3770,8
2024,3770,1
2025,3770,4
2021,3775,5
2022,3775,6
2023,3775,4
2024,3775,2
2025,3775,8
2021,3777,14
2022,3777,12
2023,3777,17
2024,3777,26
2025,3777,14
2021,3778,3
2023,3778,1
2024,3778,2
2025,3778,1
2021,3779,1
2024,3779,1
2025,3779,2
2021,3781,3
2022,3781,8
2023,3781,5
2024,3781,6
2025,3781,15
2021,3782,6
2022,3782,8
2023,3782,4
2024,3782,4
2025,3782,25
2021,3783,4
2022,3783,4
2024,3783,6
2025,3783,4
2021,3785,1
2024,3785,2
2021,3786,3
2022,3786,1
2023,3786,1
2024,3786,2
2021,3787,3
2023,3787,2
2021,3788,4
2022,3788,1
2023,3788,2
2024,3788,1
2025,3788,1
2024,3789,1
2022,3791,1
2023,3791,1
2021,3792,1
2022,3792,1
2025,3792,2
2021,3793,9
2022,3793,11
2023,3793,4
2024,3793,1
2025,3793,7
2021,3795,8
2022,3795,6
2023,3795,3
2025,3795,4
2021,3796,13
2022,3796,7
2023,3796,10
2024,3796,5
2025,3796,8
2021,3797,5
2022,3797,5
2023,3797,2
2024,3797,3
2025,3797,4
2021,3799,6
2022,3799,7
2023,3799,5
2024,3799,6
2025,3799,11
2021,3802,54
2022,3802,35
2023,3802,57
2024,3802,50
2025,3802,52
2021,3803,47
2022,3803,28
2023,3803,53
2024,3803,65
2025,3803,107
2021,3804,13
2022,3804,22
2023,3804,13
2024,3804,15
2025,3804,20
2021,3805,103
2022,3805,101
2023,3805,151
2024,3805,179
2025,3805,294
2021,3806,90
2022,3806,76
2023,3806,127
2024,3806,132
2025,3806,195
2021,3807,11
2022,3807,8
2023,3807,15
2024,3807,15
2025,3807,37
2021,3808,3
2022,3808,3
2024,3808,4
2025,3808,4
2021,3809,39
2022,3809,18
2023,3809,49
2024,3809,55
2025,3809,107
2021,3810,137
2022,3810,90
2023,3810,146
2024,3810,210
2025,3810,236
2021,3812,10
2023,3812,9
2024,3812,2
2025,3812,11
2021,3813,4
2022,3813,2
2023,3813,1
2024,3813,4
2025,3813,5
2021,3814,2
2022,3814,3
2023,3814,4
2024,3814,4
2025,3814,5
2021,3815,6
2022,3815,3
2023,3815,2
2024,3815,3
2025,3815,13
2021,3816,9
2022,3816,10
2023,3816,7
2024,3816,7
2025,3816,11
2021,3818,23
2022,3818,21
2023,3818,23
2024,3818,35
2025,3818,46
2021,3820,34
2022,3820,26
2023,3820,37
2024,3820,72
2025,3820,120
2021,3821,6
2022,3821,5
2023,3821,9
2024,3821,7
2025,3821,6
2021,3822,3
2022,3822,2
2023,3822,1
2025,3822,2
2021,3823,10
2022,3823,4
2023,3823,4
2024,3823,4
2025,3823,10
2021,3824,10
2022,3824,9
2023,3824,11
2024,3824,15
2025,3824,24
2021,3825,60
2022,3825,48
2023,3825,52
2024,3825,59
2025,3825,94
2021,3831,2
2022,3831,4
2023,3831,3
2024,3831,5
2021,3833,3
2025,3833,1
2021,3835,3
2022,3835,3
2023,3835,1
2025,3835,3
2021,3840,85
2022,3840,105
2023,3840,81
2024,3840,101
2025,3840,143
2021,3842,14
2022,3842,9
2023,3842,10
2024,3842,14
2025,3842,29
2021,3844,75
2022,3844,80
2023,3844,92
2024,3844,177
2025,3844,150
2021,3847,4
2022,3847,8
2023,3847,6
2024,3847,5
2025,3847,7
2021,3850,30
2022,3850,33
2023,3850,30
2024,3850,39
2025,3850,46
2021,3851,5
2022,3851,13
2023,3851,4
2024,3851,13
2025,3851,6
2021,3854,2
2022,3854,1
2023,3854,5
2024,3854,4
2025,3854,2
2021,3856,3
2023,3856,1
2024,3856,3
2025,3856,3
2021,3857,1
2023,3857,2
2025,3857,1
2021,3858,5
2022,3858,6
2023,3858,8
2024,3858,2
2025,3858,13
2022,3859,4
2023,3859,1
2024,3859,2
2025,3859,2
2021,3860,4
2022,3860,6
2023,3860,9
2024,3860,18
2025,3860,18
2021,3862,1
2022,3862,5
2023,3862,4
2024,3862,4
2025,3862,8
2021,3864,1
2024,3864,1
2023,3865,2
2025,3865,1
2021,3869,5
2023,3869,4
2024,3869,7
2025,3869,5
2021,3870,1
2022,3870,1
2023,3870,7
2024,3870,3
2025,3870,6
2021,3871,3
2022,3871,2
2023,3871,3
2024,3871,4
2025,3871,3
2022,3873,3
2025,3873,2
2021,3874,3
2022,3874,1
2023,3874,2
2025,3874,1
2021,3875,41
2022,3875,65
2023,3875,64
2024,3875,55
2025,3875,73
2021,3878,2
2022,3878,1
2023,3878,2
2025,3878,4
2021,3880,2
2022,3880,3
2023,3880,7
2024,3880,5
2025,3880,9
2021,3882,1
2022,3882,4
2024,3882,1
2025,3882,5
2022,3885,1
2023,3885,1
2024,3885,7
2025,3885,2
2022,3886,2
2022,3887,1
2021,3888,2
2022,3888,4
2023,3888,5
2024,3888,5
2025,3888,13
2021,3889,1
2022,3889,1
2023,3889,1
2024,3889,2
2021,3890,1
2025,3892,1
2025,3896,1
2022,3898,1
2025,3898,1
2022,3902,1
2024,3902,1
2021,3903,1
2023,3903,1
2025,3903,1
2023,3904,1
2025,3904,1
2021,3909,16
2022,3909,23
2023,3909,12
2024,3909,13
2025,3909,12
2021,3910,22
2022,3910,24
2023,3910,23
2024,3910,48
2025,3910,76
2021,3911,7
2022,3911,7
2023,3911,8
2024,3911,6
2025,3911,11
2021,3912,23
2022,3912,21
2023,3912,35
2024,3912,36
2025,3912,47
2021,3913,9
2022,3913,9
2023,3913,8
2024,3913,11
2025,3913,14
2021,3915,40
2022,3915,39
2023,3915,34
2024,3915,42
2025,3915,75
2021,3916,1
2023,3916,3
2024,3916,3
2025,3916,4
2021,3918,8
2022,3918,2
2023,3918,5
2024,3918,7
2025,3918,15
2021,3919,3
2022,3919,4
2023,3919,5
2024,3919,2
2025,3919,12
2023,3920,1
2024,3920,1
2021,3922,22
2022,3922,20
2023,3922,4
2024,3922,19
2025,3922,34
2022,3923,2
2025,3923,1
2021,3925,5
2022,3925,6
2023,3925,9
2024,3925,7
2025,3925,8
2021,3926,6
2022,3926,3
2023,3926,6
2024,3926,10
2025,3926,16
2021,3927,3
2023,3927,5
2024,3927,6
2025,3927,3
2021,3928,2
2022,3928,4
2024,3928,1
2025,3928,6
2022,3929,1
2023,3929,1
2024,3929,3
2025,3929,4
2021,3930,15
2022,3930,9
2023,3930,35
2024,3930,33
2025,3930,44
2021,3931,38
2022,3931,20
2023,3931,43
2024,3931,73
2025,3931,103
2021,3933,6
2023,3933,8
2024,3933,4
2025,3933,6
2021,3934,10
2022,3934,17
2023,3934,27
2024,3934,32
2025,3934,56
2021,3936,21
2022,3936,22
2023,3936,34
2024,3936,26
2025,3936,63
2021,3937,7
2022,3937,2
2023,3937,2
2024,3937,6
2025,3937,5
2021,3938,5
2022,3938,5
2023,3938,10
2024,3938,12
2025,3938,17
2021,3939,25
2022,3939,21
2023,3939,27
2024,3939,43
2025,3939,60
2021,3940,9
2022,3940,2
2023,3940,6
2024,3940,10
2025,3940,15
2021,3941,14
2022,3941,15
2023,3941,10
2024,3941,31
2025,3941,28
2021,3942,3
2022,3942,5
2023,3942,4
2024,3942,4
2025,3942,13
2021,3943,4
2022,3943,5
2023,3943,4
2024,3943,7
2025,3943,13
2021,3944,6
2022,3944,2
2025,3944,4
2021,3945,2
2022,3945,6
2023,3945,4
2024,3945,2
2025,3945,3
2022,3946,1
2021,3950,4
2022,3950,12
2023,3950,10
2024,3950,18
2025,3950,21
2021,3951,4
2022,3951,3
2023,3951,1
2024,3951,2
2025,3951,4
2021,3953,9
2022,3953,6
2023,3953,22
2024,3953,32
2025,3953,69
2021,3954,1
2022,3954,1
2023,3954,2
2024,3954,1
2025,3954,1
2021,3956,6
2022,3956,4
2023,3956,8
2024,3956,2
2025,3956,7
2023,3957,1
2023,3958,2
2021,3959,3
2022,3959,1
2023,3959,3
2025,3959,1
2021,3960,5
2022,3960,2
2023,3960,10
2024,3960,2
2025,3960,11
2021,3962,2
2022,3962,2
2023,3962,2
2024,3962,3
2025,3962,1
2021,3964,1
2022,3965,2
2023,3965,1
2025,3965,1
2023,3966,1
2025,3966,1
2022,3967,1
2023,3967,1
2021,3971,10
2022,3971,10
2023,3971,15
2024,3971,6
2025,3971,10
2021,3975,37
2022,3975,45
2023,3975,57
2024,3975,50
2025,3975,69
2021,3976,53
2022,3976,50
2023,3976,39
2024,3976,62
2025,3976,85
2021,3977,233
2022,3977,208
2023,3977,262
2024,3977,408
2025,3977,502
2021,3978,66
2022,3978,84
2023,3978,95
2024,3978,122
2025,3978,260
2022,3979,2
2024,3979,2
2021,3980,3
2022,3980,12
2023,3980,6
2024,3980,12
2025,3980,11
2021,3981,10
2022,3981,8
2023,3981,8
2024,3981,16
2025,3981,20
2021,3984,9
2022,3984,20
2023,3984,6
2024,3984,13
2025,3984,16
2021,3987,6
2022,3987,4
2023,3987,3
2024,3987,4
2025,3987,10
2021,3988,5
2022,3988,2
2023,3988,1
2024,3988,4
2025,3988,2
2021,3990,1
2024,3990,1
2025,3990,1
2021,3991,3
2022,3991,3
2024,3991,2
2025,3991,1
2021,3992,1
2022,3992,1
2023,3992,1
2024,3992,4
2025,3992,2
2021,3995,12
2022,3995,15
2023,3995,31
2024,3995,43
2025,3995,31
2021,3996,4
2022,3996,3
2023,3996,12
2024,3996,6
2025,3996,33
